 25.96% ,python3.10d  ,[.] _PyEval_EvalFrameDefault
            |          
            |--20.88%--_PyEval_EvalFrameDefault
            |          _PyEval_EvalFrame (inlined)
            |          _PyEval_Vector
            |          |          
            |           --20.70%--_PyFunction_Vectorcall
            |                     |          
            |                     |--17.50%--_PyObject_VectorcallTstate (inlined)
            |                     |          |          
            |                     |          |--15.24%--PyObject_Vectorcall (inlined)
            |                     |          |          call_function (inlined)
            |                     |          |          _PyEval_EvalFrameDefault
            |                     |          |          _PyEval_EvalFrame (inlined)
            |                     |          |          _PyEval_Vector
            |                     |          |          _PyFunction_Vectorcall
            |                     |          |          |          
            |                     |          |          |--14.30%--_PyObject_VectorcallTstate (inlined)
            |                     |          |          |          |          
            |                     |          |          |           --13.83%--PyObject_Vectorcall (inlined)
            |                     |          |          |                     call_function (inlined)
            |                     |          |          |                     _PyEval_EvalFrameDefault
            |                     |          |          |                     _PyEval_EvalFrame (inlined)
            |                     |          |          |                     _PyEval_Vector
            |                     |          |          |                     _PyFunction_Vectorcall
            |                     |          |          |                     |          
            |                     |          |          |                     |--12.04%--_PyObject_VectorcallTstate (inlined)
            |                     |          |          |                     |          PyObject_Vectorcall (inlined)
            |                     |          |          |                     |          call_function (inlined)
            |                     |          |          |                     |          _PyEval_EvalFrameDefault
            |                     |          |          |                     |          _PyEval_EvalFrame (inlined)
            |                     |          |          |                     |          _PyEval_Vector
            |                     |          |          |                     |          _PyFunction_Vectorcall
            |                     |          |          |                     |          |          
            |                     |          |          |                     |          |--11.48%--_PyObject_VectorcallTstate (inlined)
            |                     |          |          |                     |          |          PyObject_Vectorcall (inlined)
            |                     |          |          |                     |          |          call_function (inlined)
            |                     |          |          |                     |          |          _PyEval_EvalFrameDefault
            |                     |          |          |                     |          |          _PyEval_EvalFrame (inlined)
            |                     |          |          |                     |          |          _PyEval_Vector
            |                     |          |          |                     |          |          |          
            |                     |          |          |                     |          |           --11.29%--_PyFunction_Vectorcall
            |                     |          |          |                     |          |                     |          
            |                     |          |          |                     |          |                      --11.19%--_PyObject_VectorcallTstate (inlined)
            |                     |          |          |                     |          |                                PyObject_Vectorcall (inlined)
            |                     |          |          |                     |          |                                call_function (inlined)
            |                     |          |          |                     |          |                                _PyEval_EvalFrameDefault
            |                     |          |          |                     |          |                                _PyEval_EvalFrame (inlined)
            |                     |          |          |                     |          |                                _PyEval_Vector
            |                     |          |          |                     |          |                                |          
            |                     |          |          |                     |          |                                 --11.01%--_PyFunction_Vectorcall
            |                     |          |          |                     |          |                                           _PyObject_VectorcallTstate (inlined)
            |                     |          |          |                     |          |                                           PyObject_Vectorcall (inlined)
            |                     |          |          |                     |          |                                           call_function (inlined)
            |                     |          |          |                     |          |                                           _PyEval_EvalFrameDefault
            |                     |          |          |                     |          |                                           _PyEval_EvalFrame (inlined)
            |                     |          |          |                     |          |                                           _PyEval_Vector
            |                     |          |          |                     |          |                                           |          
            |                     |          |          |                     |          |                                           |--10.16%--_PyFunction_Vectorcall
            |                     |          |          |                     |          |                                           |          _PyObject_VectorcallTstate (inlined)
            |                     |          |          |                     |          |                                           |          PyObject_Vectorcall (inlined)
            |                     |          |          |                     |          |                                           |          call_function (inlined)
            |                     |          |          |                     |          |                                           |          _PyEval_EvalFrameDefault
            |                     |          |          |                     |          |                                           |          _PyEval_EvalFrame (inlined)
            |                     |          |          |                     |          |                                           |          _PyEval_Vector
            |                     |          |          |                     |          |                                           |          |          
            |                     |          |          |                     |          |                                           |          |--8.47%--_PyFunction_Vectorcall
            |                     |          |          |                     |          |                                           |          |          _PyObject_VectorcallTstate (inlined)
            |                     |          |          |                     |          |                                           |          |          PyObject_Vectorcall (inlined)
            |                     |          |          |                     |          |                                           |          |          call_function (inlined)
            |                     |          |          |                     |          |                                           |          |          _PyEval_EvalFrameDefault
            |                     |          |          |                     |          |                                           |          |          _PyEval_EvalFrame (inlined)
            |                     |          |          |                     |          |                                           |          |          _PyEval_Vector
            |                     |          |          |                     |          |                                           |          |          |          
            |                     |          |          |                     |          |                                           |          |          |--5.64%--_PyFunction_Vectorcall
            |                     |          |          |                     |          |                                           |          |          |          _PyObject_VectorcallTstate (inlined)
            |                     |          |          |                     |          |                                           |          |          |          PyObject_Vectorcall (inlined)
            |                     |          |          |                     |          |                                           |          |          |          call_function (inlined)
            |                     |          |          |                     |          |                                           |          |          |          _PyEval_EvalFrameDefault
            |                     |          |          |                     |          |                                           |          |          |          _PyEval_EvalFrame (inlined)
            |                     |          |          |                     |          |                                           |          |          |          _PyEval_Vector
            |                     |          |          |                     |          |                                           |          |          |          |          
            |                     |          |          |                     |          |                                           |          |          |          |--3.95%--_PyFunction_Vectorcall
            |                     |          |          |                     |          |                                           |          |          |          |          _PyObject_VectorcallTstate (inlined)
            |                     |          |          |                     |          |                                           |          |          |          |          PyObject_Vectorcall (inlined)
            |                     |          |          |                     |          |                                           |          |          |          |          call_function (inlined)
            |                     |          |          |                     |          |                                           |          |          |          |          _PyEval_EvalFrameDefault
            |                     |          |          |                     |          |                                           |          |          |          |          _PyEval_EvalFrame (inlined)
            |                     |          |          |                     |          |                                           |          |          |          |          _PyEval_Vector
            |                     |          |          |                     |          |                                           |          |          |          |          |          
            |                     |          |          |                     |          |                                           |          |          |          |          |--1.98%--PyEval_EvalCode
            |                     |          |          |                     |          |                                           |          |          |          |          |          run_eval_code_obj
            |                     |          |          |                     |          |                                           |          |          |          |          |          run_mod
            |                     |          |          |                     |          |                                           |          |          |          |          |          pyrun_file
            |                     |          |          |                     |          |                                           |          |          |          |          |          _PyRun_SimpleFileObject
            |                     |          |          |                     |          |                                           |          |          |          |          |          _PyRun_AnyFileObject
            |                     |          |          |                     |          |                                           |          |          |          |          |          pymain_run_file_obj
            |                     |          |          |                     |          |                                           |          |          |          |          |          pymain_run_file
            |                     |          |          |                     |          |                                           |          |          |          |          |          pymain_run_python
            |                     |          |          |                     |          |                                           |          |          |          |          |          Py_RunMain
            |                     |          |          |                     |          |                                           |          |          |          |          |          pymain_main
            |                     |          |          |                     |          |                                           |          |          |          |          |          Py_BytesMain
            |                     |          |          |                     |          |                                           |          |          |          |          |          main
            |                     |          |          |                     |          |                                           |          |          |          |          |          __libc_start_call_main
            |                     |          |          |                     |          |                                           |          |          |          |          |          __libc_start_main_impl (inlined)
            |                     |          |          |                     |          |                                           |          |          |          |          |          _start
            |                     |          |          |                     |          |                                           |          |          |          |          |          
            |                     |          |          |                     |          |                                           |          |          |          |           --1.98%--_PyFunction_Vectorcall
            |                     |          |          |                     |          |                                           |          |          |          |                     _PyObject_VectorcallTstate (inlined)
            |                     |          |          |                     |          |                                           |          |          |          |                     PyObject_Vectorcall (inlined)
            |                     |          |          |                     |          |                                           |          |          |          |                     call_function (inlined)
            |                     |          |          |                     |          |                                           |          |          |          |                     _PyEval_EvalFrameDefault
            |                     |          |          |                     |          |                                           |          |          |          |                     _PyEval_EvalFrame (inlined)
            |                     |          |          |                     |          |                                           |          |          |          |                     _PyEval_Vector
            |                     |          |          |                     |          |                                           |          |          |          |                     |          
            |                     |          |          |                     |          |                                           |          |          |          |                     |--1.03%--_PyFunction_Vectorcall
            |                     |          |          |                     |          |                                           |          |          |          |                     |          _PyObject_VectorcallTstate (inlined)
            |                     |          |          |                     |          |                                           |          |          |          |                     |          PyObject_Vectorcall (inlined)
            |                     |          |          |                     |          |                                           |          |          |          |                     |          call_function (inlined)
            |                     |          |          |                     |          |                                           |          |          |          |                     |          _PyEval_EvalFrameDefault
            |                     |          |          |                     |          |                                           |          |          |          |                     |          _PyEval_EvalFrame (inlined)
            |                     |          |          |                     |          |                                           |          |          |          |                     |          _PyEval_Vector
            |                     |          |          |                     |          |                                           |          |          |          |                     |          |          
            |                     |          |          |                     |          |                                           |          |          |          |                     |           --0.56%--PyEval_EvalCode
            |                     |          |          |                     |          |                                           |          |          |          |                     |                     run_eval_code_obj
            |                     |          |          |                     |          |                                           |          |          |          |                     |                     run_mod
            |                     |          |          |                     |          |                                           |          |          |          |                     |                     pyrun_file
            |                     |          |          |                     |          |                                           |          |          |          |                     |                     _PyRun_SimpleFileObject
            |                     |          |          |                     |          |                                           |          |          |          |                     |                     _PyRun_AnyFileObject
            |                     |          |          |                     |          |                                           |          |          |          |                     |                     pymain_run_file_obj
            |                     |          |          |                     |          |                                           |          |          |          |                     |                     pymain_run_file
            |                     |          |          |                     |          |                                           |          |          |          |                     |                     pymain_run_python
            |                     |          |          |                     |          |                                           |          |          |          |                     |                     Py_RunMain
            |                     |          |          |                     |          |                                           |          |          |          |                     |                     pymain_main
            |                     |          |          |                     |          |                                           |          |          |          |                     |                     Py_BytesMain
            |                     |          |          |                     |          |                                           |          |          |          |                     |                     main
            |                     |          |          |                     |          |                                           |          |          |          |                     |                     __libc_start_call_main
            |                     |          |          |                     |          |                                           |          |          |          |                     |                     __libc_start_main_impl (inlined)
            |                     |          |          |                     |          |                                           |          |          |          |                     |                     0xffffffffffffffff
            |                     |          |          |                     |          |                                           |          |          |          |                     |          
            |                     |          |          |                     |          |                                           |          |          |          |                      --0.94%--PyEval_EvalCode
            |                     |          |          |                     |          |                                           |          |          |          |                                run_eval_code_obj
            |                     |          |          |                     |          |                                           |          |          |          |                                run_mod
            |                     |          |          |                     |          |                                           |          |          |          |                                pyrun_file
            |                     |          |          |                     |          |                                           |          |          |          |                                _PyRun_SimpleFileObject
            |                     |          |          |                     |          |                                           |          |          |          |                                _PyRun_AnyFileObject
            |                     |          |          |                     |          |                                           |          |          |          |                                pymain_run_file_obj
            |                     |          |          |                     |          |                                           |          |          |          |                                pymain_run_file
            |                     |          |          |                     |          |                                           |          |          |          |                                pymain_run_python
            |                     |          |          |                     |          |                                           |          |          |          |                                Py_RunMain
            |                     |          |          |                     |          |                                           |          |          |          |                                pymain_main
            |                     |          |          |                     |          |                                           |          |          |          |                                Py_BytesMain
            |                     |          |          |                     |          |                                           |          |          |          |                                main
            |                     |          |          |                     |          |                                           |          |          |          |                                __libc_start_call_main
            |                     |          |          |                     |          |                                           |          |          |          |                                __libc_start_main_impl (inlined)
            |                     |          |          |                     |          |                                           |          |          |          |                                _start
            |                     |          |          |                     |          |                                           |          |          |          |          
            |                     |          |          |                     |          |                                           |          |          |           --1.69%--PyEval_EvalCode
            |                     |          |          |                     |          |                                           |          |          |                     run_eval_code_obj
            |                     |          |          |                     |          |                                           |          |          |                     run_mod
            |                     |          |          |                     |          |                                           |          |          |                     pyrun_file
            |                     |          |          |                     |          |                                           |          |          |                     _PyRun_SimpleFileObject
            |                     |          |          |                     |          |                                           |          |          |                     _PyRun_AnyFileObject
            |                     |          |          |                     |          |                                           |          |          |                     pymain_run_file_obj
            |                     |          |          |                     |          |                                           |          |          |                     pymain_run_file
            |                     |          |          |                     |          |                                           |          |          |                     pymain_run_python
            |                     |          |          |                     |          |                                           |          |          |                     Py_RunMain
            |                     |          |          |                     |          |                                           |          |          |                     pymain_main
            |                     |          |          |                     |          |                                           |          |          |                     Py_BytesMain
            |                     |          |          |                     |          |                                           |          |          |                     main
            |                     |          |          |                     |          |                                           |          |          |                     __libc_start_call_main
            |                     |          |          |                     |          |                                           |          |          |                     __libc_start_main_impl (inlined)
            |                     |          |          |                     |          |                                           |          |          |                     _start
            |                     |          |          |                     |          |                                           |          |          |          
            |                     |          |          |                     |          |                                           |          |           --2.82%--PyEval_EvalCode
            |                     |          |          |                     |          |                                           |          |                     run_eval_code_obj
            |                     |          |          |                     |          |                                           |          |                     run_mod
            |                     |          |          |                     |          |                                           |          |                     pyrun_file
            |                     |          |          |                     |          |                                           |          |                     _PyRun_SimpleFileObject
            |                     |          |          |                     |          |                                           |          |                     _PyRun_AnyFileObject
            |                     |          |          |                     |          |                                           |          |                     pymain_run_file_obj
            |                     |          |          |                     |          |                                           |          |                     pymain_run_file
            |                     |          |          |                     |          |                                           |          |                     pymain_run_python
            |                     |          |          |                     |          |                                           |          |                     Py_RunMain
            |                     |          |          |                     |          |                                           |          |                     pymain_main
            |                     |          |          |                     |          |                                           |          |                     Py_BytesMain
            |                     |          |          |                     |          |                                           |          |                     main
            |                     |          |          |                     |          |                                           |          |                     __libc_start_call_main
            |                     |          |          |                     |          |                                           |          |                     __libc_start_main_impl (inlined)
            |                     |          |          |                     |          |                                           |          |                     _start
            |                     |          |          |                     |          |                                           |          |          
            |                     |          |          |                     |          |                                           |           --1.69%--PyEval_EvalCode
            |                     |          |          |                     |          |                                           |                     run_eval_code_obj
            |                     |          |          |                     |          |                                           |                     run_mod
            |                     |          |          |                     |          |                                           |                     pyrun_file
            |                     |          |          |                     |          |                                           |                     _PyRun_SimpleFileObject
            |                     |          |          |                     |          |                                           |                     _PyRun_AnyFileObject
            |                     |          |          |                     |          |                                           |                     pymain_run_file_obj
            |                     |          |          |                     |          |                                           |                     pymain_run_file
            |                     |          |          |                     |          |                                           |                     pymain_run_python
            |                     |          |          |                     |          |                                           |                     Py_RunMain
            |                     |          |          |                     |          |                                           |                     pymain_main
            |                     |          |          |                     |          |                                           |                     Py_BytesMain
            |                     |          |          |                     |          |                                           |                     main
            |                     |          |          |                     |          |                                           |                     __libc_start_call_main
            |                     |          |          |                     |          |                                           |                     __libc_start_main_impl (inlined)
            |                     |          |          |                     |          |                                           |                     _start
            |                     |          |          |                     |          |                                           |          
            |                     |          |          |                     |          |                                            --0.85%--PyEval_EvalCode
            |                     |          |          |                     |          |                                                      run_eval_code_obj
            |                     |          |          |                     |          |                                                      run_mod
            |                     |          |          |                     |          |                                                      pyrun_file
            |                     |          |          |                     |          |                                                      _PyRun_SimpleFileObject
            |                     |          |          |                     |          |                                                      _PyRun_AnyFileObject
            |                     |          |          |                     |          |                                                      pymain_run_file_obj
            |                     |          |          |                     |          |                                                      pymain_run_file
            |                     |          |          |                     |          |                                                      pymain_run_python
            |                     |          |          |                     |          |                                                      Py_RunMain
            |                     |          |          |                     |          |                                                      pymain_main
            |                     |          |          |                     |          |                                                      Py_BytesMain
            |                     |          |          |                     |          |                                                      main
            |                     |          |          |                     |          |                                                      __libc_start_call_main
            |                     |          |          |                     |          |                                                      __libc_start_main_impl (inlined)
            |                     |          |          |                     |          |                                                      _start
            |                     |          |          |                     |          |          
            |                     |          |          |                     |           --0.56%--_PyObject_FastCallDictTstate
            |                     |          |          |                     |                     _PyObject_Call_Prepend
            |                     |          |          |                     |                     slot_tp_init
            |                     |          |          |                     |                     type_call (inlined)
            |                     |          |          |                     |                     _PyObject_MakeTpCall
            |                     |          |          |                     |                     _PyObject_VectorcallTstate (inlined)
            |                     |          |          |                     |                     PyObject_Vectorcall (inlined)
            |                     |          |          |                     |                     call_function (inlined)
            |                     |          |          |                     |                     _PyEval_EvalFrameDefault
            |                     |          |          |                     |                     _PyEval_EvalFrame (inlined)
            |                     |          |          |                     |                     _PyEval_Vector
            |                     |          |          |                     |                     _PyFunction_Vectorcall
            |                     |          |          |                     |                     _PyObject_VectorcallTstate (inlined)
            |                     |          |          |                     |                     PyObject_Vectorcall (inlined)
            |                     |          |          |                     |                     call_function (inlined)
            |                     |          |          |                     |                     _PyEval_EvalFrameDefault
            |                     |          |          |                     |                     _PyEval_EvalFrame (inlined)
            |                     |          |          |                     |                     _PyEval_Vector
            |                     |          |          |                     |                     _PyFunction_Vectorcall
            |                     |          |          |                     |                     _PyObject_VectorcallTstate (inlined)
            |                     |          |          |                     |                     PyObject_Vectorcall (inlined)
            |                     |          |          |                     |                     call_function (inlined)
            |                     |          |          |                     |                     _PyEval_EvalFrameDefault
            |                     |          |          |                     |                     _PyEval_EvalFrame (inlined)
            |                     |          |          |                     |                     _PyEval_Vector
            |                     |          |          |                     |                     _PyFunction_Vectorcall
            |                     |          |          |                     |                     _PyObject_VectorcallTstate (inlined)
            |                     |          |          |                     |                     PyObject_Vectorcall (inlined)
            |                     |          |          |                     |                     call_function (inlined)
            |                     |          |          |                     |                     _PyEval_EvalFrameDefault
            |                     |          |          |                     |                     _PyEval_EvalFrame (inlined)
            |                     |          |          |                     |                     _PyEval_Vector
            |                     |          |          |                     |                     _PyFunction_Vectorcall
            |                     |          |          |                     |                     _PyObject_VectorcallTstate (inlined)
            |                     |          |          |                     |                     PyObject_Vectorcall (inlined)
            |                     |          |          |                     |                     call_function (inlined)
            |                     |          |          |                     |                     _PyEval_EvalFrameDefault
            |                     |          |          |                     |                     _PyEval_EvalFrame (inlined)
            |                     |          |          |                     |                     _PyEval_Vector
            |                     |          |          |                     |                     _PyFunction_Vectorcall
            |                     |          |          |                     |                     _PyObject_VectorcallTstate (inlined)
            |                     |          |          |                     |                     PyObject_Vectorcall (inlined)
            |                     |          |          |                     |                     call_function (inlined)
            |                     |          |          |                     |                     _PyEval_EvalFrameDefault
            |                     |          |          |                     |                     _PyEval_EvalFrame (inlined)
            |                     |          |          |                     |                     _PyEval_Vector
            |                     |          |          |                     |                     _PyFunction_Vectorcall
            |                     |          |          |                     |                     _PyObject_VectorcallTstate (inlined)
            |                     |          |          |                     |                     PyObject_Vectorcall (inlined)
            |                     |          |          |                     |                     call_function (inlined)
            |                     |          |          |                     |                     _PyEval_EvalFrameDefault
            |                     |          |          |                     |                     _PyEval_EvalFrame (inlined)
            |                     |          |          |                     |                     _PyEval_Vector
            |                     |          |          |                     |                     _PyFunction_Vectorcall
            |                     |          |          |                     |                     _PyObject_VectorcallTstate (inlined)
            |                     |          |          |                     |                     PyObject_Vectorcall (inlined)
            |                     |          |          |                     |                     call_function (inlined)
            |                     |          |          |                     |                     _PyEval_EvalFrameDefault
            |                     |          |          |                     |                     _PyEval_EvalFrame (inlined)
            |                     |          |          |                     |                     _PyEval_Vector
            |                     |          |          |                     |                     _PyFunction_Vectorcall
            |                     |          |          |                     |                     _PyObject_VectorcallTstate (inlined)
            |                     |          |          |                     |                     PyObject_Vectorcall (inlined)
            |                     |          |          |                     |                     call_function (inlined)
            |                     |          |          |                     |                     _PyEval_EvalFrameDefault
            |                     |          |          |                     |                     _PyEval_EvalFrame (inlined)
            |                     |          |          |                     |                     _PyEval_Vector
            |                     |          |          |                     |          
            |                     |          |          |                      --1.79%--_PyObject_FastCallDictTstate
            |                     |          |          |                                _PyObject_Call_Prepend
            |                     |          |          |                                slot_tp_init
            |                     |          |          |                                type_call (inlined)
            |                     |          |          |                                _PyObject_MakeTpCall
            |                     |          |          |                                _PyObject_VectorcallTstate (inlined)
            |                     |          |          |                                PyObject_Vectorcall (inlined)
            |                     |          |          |                                call_function (inlined)
            |                     |          |          |                                _PyEval_EvalFrameDefault
            |                     |          |          |                                _PyEval_EvalFrame (inlined)
            |                     |          |          |                                _PyEval_Vector
            |                     |          |          |                                _PyFunction_Vectorcall
            |                     |          |          |                                _PyObject_VectorcallTstate (inlined)
            |                     |          |          |                                PyObject_Vectorcall (inlined)
            |                     |          |          |                                call_function (inlined)
            |                     |          |          |                                _PyEval_EvalFrameDefault
            |                     |          |          |                                _PyEval_EvalFrame (inlined)
            |                     |          |          |                                _PyEval_Vector
            |                     |          |          |                                _PyFunction_Vectorcall
            |                     |          |          |                                _PyObject_VectorcallTstate (inlined)
            |                     |          |          |                                PyObject_Vectorcall (inlined)
            |                     |          |          |                                call_function (inlined)
            |                     |          |          |                                _PyEval_EvalFrameDefault
            |                     |          |          |                                _PyEval_EvalFrame (inlined)
            |                     |          |          |                                _PyEval_Vector
            |                     |          |          |                                _PyFunction_Vectorcall
            |                     |          |          |                                _PyObject_VectorcallTstate (inlined)
            |                     |          |          |                                PyObject_Vectorcall (inlined)
            |                     |          |          |                                call_function (inlined)
            |                     |          |          |                                _PyEval_EvalFrameDefault
            |                     |          |          |                                _PyEval_EvalFrame (inlined)
            |                     |          |          |                                _PyEval_Vector
            |                     |          |          |                                _PyFunction_Vectorcall
            |                     |          |          |                                _PyObject_VectorcallTstate (inlined)
            |                     |          |          |                                PyObject_Vectorcall (inlined)
            |                     |          |          |                                call_function (inlined)
            |                     |          |          |                                _PyEval_EvalFrameDefault
            |                     |          |          |                                _PyEval_EvalFrame (inlined)
            |                     |          |          |                                _PyEval_Vector
            |                     |          |          |                                |          
            |                     |          |          |                                 --1.51%--_PyFunction_Vectorcall
            |                     |          |          |                                           _PyObject_VectorcallTstate (inlined)
            |                     |          |          |                                           PyObject_Vectorcall (inlined)
            |                     |          |          |                                           call_function (inlined)
            |                     |          |          |                                           _PyEval_EvalFrameDefault
            |                     |          |          |                                           _PyEval_EvalFrame (inlined)
            |                     |          |          |                                           _PyEval_Vector
            |                     |          |          |                                           _PyFunction_Vectorcall
            |                     |          |          |                                           _PyObject_VectorcallTstate (inlined)
            |                     |          |          |                                           PyObject_Vectorcall (inlined)
            |                     |          |          |                                           call_function (inlined)
            |                     |          |          |                                           _PyEval_EvalFrameDefault
            |                     |          |          |                                           _PyEval_EvalFrame (inlined)
            |                     |          |          |                                           _PyEval_Vector
            |                     |          |          |                                           |          
            |                     |          |          |                                            --1.41%--_PyFunction_Vectorcall
            |                     |          |          |                                                      _PyObject_VectorcallTstate (inlined)
            |                     |          |          |                                                      PyObject_Vectorcall (inlined)
            |                     |          |          |                                                      call_function (inlined)
            |                     |          |          |                                                      _PyEval_EvalFrameDefault
            |                     |          |          |                                                      _PyEval_EvalFrame (inlined)
            |                     |          |          |                                                      _PyEval_Vector
            |                     |          |          |                                                      _PyFunction_Vectorcall
            |                     |          |          |                                                      _PyObject_VectorcallTstate (inlined)
            |                     |          |          |                                                      PyObject_Vectorcall (inlined)
            |                     |          |          |                                                      call_function (inlined)
            |                     |          |          |                                                      _PyEval_EvalFrameDefault
            |                     |          |          |                                                      _PyEval_EvalFrame (inlined)
            |                     |          |          |                                                      _PyEval_Vector
            |                     |          |          |                                                      |          
            |                     |          |          |                                                       --0.94%--PyEval_EvalCode
            |                     |          |          |                                                                 run_eval_code_obj
            |                     |          |          |                                                                 run_mod
            |                     |          |          |                                                                 pyrun_file
            |                     |          |          |                                                                 _PyRun_SimpleFileObject
            |                     |          |          |                                                                 _PyRun_AnyFileObject
            |                     |          |          |                                                                 pymain_run_file_obj
            |                     |          |          |                                                                 pymain_run_file
            |                     |          |          |                                                                 pymain_run_python
            |                     |          |          |                                                                 Py_RunMain
            |                     |          |          |                                                                 pymain_main
            |                     |          |          |                                                                 Py_BytesMain
            |                     |          |          |                                                                 main
            |                     |          |          |                                                                 __libc_start_call_main
            |                     |          |          |                                                                 __libc_start_main_impl (inlined)
            |                     |          |          |                                                                 _start
            |                     |          |          |          
            |                     |          |           --0.94%--_PyObject_FastCallDictTstate
            |                     |          |                     _PyObject_Call_Prepend
            |                     |          |                     |          
            |                     |          |                      --0.85%--slot_tp_init
            |                     |          |                                type_call (inlined)
            |                     |          |                                _PyObject_MakeTpCall
            |                     |          |                                _PyObject_VectorcallTstate (inlined)
            |                     |          |                                PyObject_Vectorcall (inlined)
            |                     |          |                                call_function (inlined)
            |                     |          |                                _PyEval_EvalFrameDefault
            |                     |          |                                _PyEval_EvalFrame (inlined)
            |                     |          |                                _PyEval_Vector
            |                     |          |                                _PyFunction_Vectorcall
            |                     |          |                                _PyObject_VectorcallTstate (inlined)
            |                     |          |                                PyObject_Vectorcall (inlined)
            |                     |          |                                call_function (inlined)
            |                     |          |                                _PyEval_EvalFrameDefault
            |                     |          |                                _PyEval_EvalFrame (inlined)
            |                     |          |                                _PyEval_Vector
            |                     |          |                                _PyFunction_Vectorcall
            |                     |          |                                _PyObject_VectorcallTstate (inlined)
            |                     |          |                                PyObject_Vectorcall (inlined)
            |                     |          |                                call_function (inlined)
            |                     |          |                                _PyEval_EvalFrameDefault
            |                     |          |                                _PyEval_EvalFrame (inlined)
            |                     |          |                                _PyEval_Vector
            |                     |          |                                _PyFunction_Vectorcall
            |                     |          |                                _PyObject_VectorcallTstate (inlined)
            |                     |          |                                PyObject_Vectorcall (inlined)
            |                     |          |                                call_function (inlined)
            |                     |          |                                _PyEval_EvalFrameDefault
            |                     |          |                                _PyEval_EvalFrame (inlined)
            |                     |          |                                _PyEval_Vector
            |                     |          |                                _PyFunction_Vectorcall
            |                     |          |                                _PyObject_VectorcallTstate (inlined)
            |                     |          |                                PyObject_Vectorcall (inlined)
            |                     |          |                                call_function (inlined)
            |                     |          |                                _PyEval_EvalFrameDefault
            |                     |          |                                _PyEval_EvalFrame (inlined)
            |                     |          |                                _PyEval_Vector
            |                     |          |                                |          
            |                     |          |                                 --0.56%--_PyFunction_Vectorcall
            |                     |          |                                           _PyObject_VectorcallTstate (inlined)
            |                     |          |                                           PyObject_Vectorcall (inlined)
            |                     |          |                                           call_function (inlined)
            |                     |          |                                           _PyEval_EvalFrameDefault
            |                     |          |                                           _PyEval_EvalFrame (inlined)
            |                     |          |                                           _PyEval_Vector
            |                     |          |                                           _PyFunction_Vectorcall
            |                     |          |                                           _PyObject_VectorcallTstate (inlined)
            |                     |          |                                           PyObject_Vectorcall (inlined)
            |                     |          |                                           call_function (inlined)
            |                     |          |                                           _PyEval_EvalFrameDefault
            |                     |          |                                           _PyEval_EvalFrame (inlined)
            |                     |          |                                           _PyEval_Vector
            |                     |          |                                           _PyFunction_Vectorcall
            |                     |          |                                           _PyObject_VectorcallTstate (inlined)
            |                     |          |                                           PyObject_Vectorcall (inlined)
            |                     |          |                                           call_function (inlined)
            |                     |          |                                           _PyEval_EvalFrameDefault
            |                     |          |                                           _PyEval_EvalFrame (inlined)
            |                     |          |                                           _PyEval_Vector
            |                     |          |                                           _PyFunction_Vectorcall
            |                     |          |                                           _PyObject_VectorcallTstate (inlined)
            |                     |          |                                           PyObject_Vectorcall (inlined)
            |                     |          |                                           call_function (inlined)
            |                     |          |                                           _PyEval_EvalFrameDefault
            |                     |          |                                           _PyEval_EvalFrame (inlined)
            |                     |          |                                           _PyEval_Vector
            |                     |          |          
            |                     |           --2.26%--vectorcall_unbound (inlined)
            |                     |                     vectorcall_maybe (inlined)
            |                     |                     |          
            |                     |                      --1.98%--slot_nb_subtract
            |                     |                                binary_op1
            |                     |                                binary_op
            |                     |                                PyNumber_Subtract
            |                     |                                _PyEval_EvalFrameDefault
            |                     |                                _PyEval_EvalFrame (inlined)
            |                     |                                _PyEval_Vector
            |                     |                                _PyFunction_Vectorcall
            |                     |                                _PyObject_VectorcallTstate (inlined)
            |                     |                                PyObject_Vectorcall (inlined)
            |                     |                                call_function (inlined)
            |                     |                                _PyEval_EvalFrameDefault
            |                     |                                _PyEval_EvalFrame (inlined)
            |                     |                                _PyEval_Vector
            |                     |                                _PyFunction_Vectorcall
            |                     |                                _PyObject_VectorcallTstate (inlined)
            |                     |                                PyObject_Vectorcall (inlined)
            |                     |                                call_function (inlined)
            |                     |                                _PyEval_EvalFrameDefault
            |                     |                                _PyEval_EvalFrame (inlined)
            |                     |                                _PyEval_Vector
            |                     |                                _PyFunction_Vectorcall
            |                     |                                _PyObject_VectorcallTstate (inlined)
            |                     |                                PyObject_Vectorcall (inlined)
            |                     |                                call_function (inlined)
            |                     |                                _PyEval_EvalFrameDefault
            |                     |                                _PyEval_EvalFrame (inlined)
            |                     |                                _PyEval_Vector
            |                     |                                _PyFunction_Vectorcall
            |                     |                                _PyObject_VectorcallTstate (inlined)
            |                     |                                PyObject_Vectorcall (inlined)
            |                     |                                call_function (inlined)
            |                     |                                _PyEval_EvalFrameDefault
            |                     |                                _PyEval_EvalFrame (inlined)
            |                     |                                _PyEval_Vector
            |                     |                                _PyFunction_Vectorcall
            |                     |                                _PyObject_VectorcallTstate (inlined)
            |                     |                                PyObject_Vectorcall (inlined)
            |                     |                                call_function (inlined)
            |                     |                                _PyEval_EvalFrameDefault
            |                     |                                _PyEval_EvalFrame (inlined)
            |                     |                                _PyEval_Vector
            |                     |                                _PyFunction_Vectorcall
            |                     |                                _PyObject_VectorcallTstate (inlined)
            |                     |                                PyObject_Vectorcall (inlined)
            |                     |                                call_function (inlined)
            |                     |                                _PyEval_EvalFrameDefault
            |                     |                                _PyEval_EvalFrame (inlined)
            |                     |                                _PyEval_Vector
            |                     |                                _PyFunction_Vectorcall
            |                     |                                _PyObject_VectorcallTstate (inlined)
            |                     |                                PyObject_Vectorcall (inlined)
            |                     |                                call_function (inlined)
            |                     |                                _PyEval_EvalFrameDefault
            |                     |                                _PyEval_EvalFrame (inlined)
            |                     |                                _PyEval_Vector
            |                     |                                |          
            |                     |                                |--1.41%--_PyFunction_Vectorcall
            |                     |                                |          _PyObject_VectorcallTstate (inlined)
            |                     |                                |          PyObject_Vectorcall (inlined)
            |                     |                                |          call_function (inlined)
            |                     |                                |          _PyEval_EvalFrameDefault
            |                     |                                |          _PyEval_EvalFrame (inlined)
            |                     |                                |          _PyEval_Vector
            |                     |                                |          |          
            |                     |                                |           --1.13%--_PyFunction_Vectorcall
            |                     |                                |                     _PyObject_VectorcallTstate (inlined)
            |                     |                                |                     PyObject_Vectorcall (inlined)
            |                     |                                |                     call_function (inlined)
            |                     |                                |                     _PyEval_EvalFrameDefault
            |                     |                                |                     _PyEval_EvalFrame (inlined)
            |                     |                                |                     _PyEval_Vector
            |                     |                                |                     |          
            |                     |                                |                      --0.75%--_PyFunction_Vectorcall
            |                     |                                |                                _PyObject_VectorcallTstate (inlined)
            |                     |                                |                                PyObject_Vectorcall (inlined)
            |                     |                                |                                call_function (inlined)
            |                     |                                |                                _PyEval_EvalFrameDefault
            |                     |                                |                                _PyEval_EvalFrame (inlined)
            |                     |                                |                                _PyEval_Vector
            |                     |                                |          
            |                     |                                 --0.56%--PyEval_EvalCode
            |                     |                                           run_eval_code_obj
            |                     |                                           run_mod
            |                     |                                           pyrun_file
            |                     |                                           _PyRun_SimpleFileObject
            |                     |                                           _PyRun_AnyFileObject
            |                     |                                           pymain_run_file_obj
            |                     |                                           pymain_run_file
            |                     |                                           pymain_run_python
            |                     |                                           Py_RunMain
            |                     |                                           pymain_main
            |                     |                                           Py_BytesMain
            |                     |                                           main
            |                     |                                           __libc_start_call_main
            |                     |                                           __libc_start_main_impl (inlined)
            |                     |                                           _start
            |                     |          
            |                      --3.20%--_PyObject_FastCallDictTstate
            |                                _PyObject_Call_Prepend
            |                                slot_tp_init
            |                                type_call (inlined)
            |                                _PyObject_MakeTpCall
            |                                _PyObject_VectorcallTstate (inlined)
            |                                PyObject_Vectorcall (inlined)
            |                                call_function (inlined)
            |                                _PyEval_EvalFrameDefault
            |                                _PyEval_EvalFrame (inlined)
            |                                _PyEval_Vector
            |                                _PyFunction_Vectorcall
            |                                _PyObject_VectorcallTstate (inlined)
            |                                |          
            |                                |--2.16%--vectorcall_unbound (inlined)
            |                                |          vectorcall_maybe (inlined)
            |                                |          |          
            |                                |           --2.07%--slot_nb_subtract
            |                                |                     binary_op1
            |                                |                     binary_op
            |                                |                     PyNumber_Subtract
            |                                |                     _PyEval_EvalFrameDefault
            |                                |                     _PyEval_EvalFrame (inlined)
            |                                |                     _PyEval_Vector
            |                                |                     _PyFunction_Vectorcall
            |                                |                     _PyObject_VectorcallTstate (inlined)
            |                                |                     PyObject_Vectorcall (inlined)
            |                                |                     call_function (inlined)
            |                                |                     _PyEval_EvalFrameDefault
            |                                |                     _PyEval_EvalFrame (inlined)
            |                                |                     _PyEval_Vector
            |                                |                     _PyFunction_Vectorcall
            |                                |                     _PyObject_VectorcallTstate (inlined)
            |                                |                     PyObject_Vectorcall (inlined)
            |                                |                     call_function (inlined)
            |                                |                     _PyEval_EvalFrameDefault
            |                                |                     _PyEval_EvalFrame (inlined)
            |                                |                     _PyEval_Vector
            |                                |                     _PyFunction_Vectorcall
            |                                |                     _PyObject_VectorcallTstate (inlined)
            |                                |                     PyObject_Vectorcall (inlined)
            |                                |                     call_function (inlined)
            |                                |                     _PyEval_EvalFrameDefault
            |                                |                     _PyEval_EvalFrame (inlined)
            |                                |                     _PyEval_Vector
            |                                |                     _PyFunction_Vectorcall
            |                                |                     _PyObject_VectorcallTstate (inlined)
            |                                |                     PyObject_Vectorcall (inlined)
            |                                |                     call_function (inlined)
            |                                |                     _PyEval_EvalFrameDefault
            |                                |                     _PyEval_EvalFrame (inlined)
            |                                |                     _PyEval_Vector
            |                                |                     _PyFunction_Vectorcall
            |                                |                     _PyObject_VectorcallTstate (inlined)
            |                                |                     PyObject_Vectorcall (inlined)
            |                                |                     call_function (inlined)
            |                                |                     _PyEval_EvalFrameDefault
            |                                |                     _PyEval_EvalFrame (inlined)
            |                                |                     _PyEval_Vector
            |                                |                     _PyFunction_Vectorcall
            |                                |                     _PyObject_VectorcallTstate (inlined)
            |                                |                     PyObject_Vectorcall (inlined)
            |                                |                     call_function (inlined)
            |                                |                     _PyEval_EvalFrameDefault
            |                                |                     _PyEval_EvalFrame (inlined)
            |                                |                     _PyEval_Vector
            |                                |                     |          
            |                                |                      --1.98%--_PyFunction_Vectorcall
            |                                |                                _PyObject_VectorcallTstate (inlined)
            |                                |                                PyObject_Vectorcall (inlined)
            |                                |                                call_function (inlined)
            |                                |                                _PyEval_EvalFrameDefault
            |                                |                                _PyEval_EvalFrame (inlined)
            |                                |                                _PyEval_Vector
            |                                |                                |          
            |                                |                                |--1.41%--_PyFunction_Vectorcall
            |                                |                                |          _PyObject_VectorcallTstate (inlined)
            |                                |                                |          PyObject_Vectorcall (inlined)
            |                                |                                |          call_function (inlined)
            |                                |                                |          _PyEval_EvalFrameDefault
            |                                |                                |          _PyEval_EvalFrame (inlined)
            |                                |                                |          _PyEval_Vector
            |                                |                                |          |          
            |                                |                                |           --1.22%--_PyFunction_Vectorcall
            |                                |                                |                     _PyObject_VectorcallTstate (inlined)
            |                                |                                |                     PyObject_Vectorcall (inlined)
            |                                |                                |                     call_function (inlined)
            |                                |                                |                     _PyEval_EvalFrameDefault
            |                                |                                |                     _PyEval_EvalFrame (inlined)
            |                                |                                |                     _PyEval_Vector
            |                                |                                |                     |          
            |                                |                                |                     |--0.66%--PyEval_EvalCode
            |                                |                                |                     |          run_eval_code_obj
            |                                |                                |                     |          run_mod
            |                                |                                |                     |          pyrun_file
            |                                |                                |                     |          _PyRun_SimpleFileObject
            |                                |                                |                     |          _PyRun_AnyFileObject
            |                                |                                |                     |          pymain_run_file_obj
            |                                |                                |                     |          pymain_run_file
            |                                |                                |                     |          pymain_run_python
            |                                |                                |                     |          Py_RunMain
            |                                |                                |                     |          pymain_main
            |                                |                                |                     |          Py_BytesMain
            |                                |                                |                     |          main
            |                                |                                |                     |          __libc_start_call_main
            |                                |                                |                     |          0xffffffffffffffff
            |                                |                                |                     |          
            |                                |                                |                      --0.56%--_PyFunction_Vectorcall
            |                                |                                |                                _PyObject_VectorcallTstate (inlined)
            |                                |                                |                                PyObject_Vectorcall (inlined)
            |                                |                                |                                call_function (inlined)
            |                                |                                |                                _PyEval_EvalFrameDefault
            |                                |                                |                                _PyEval_EvalFrame (inlined)
            |                                |                                |                                _PyEval_Vector
            |                                |                                |                                _PyFunction_Vectorcall
            |                                |                                |                                _PyObject_VectorcallTstate (inlined)
            |                                |                                |                                PyObject_Vectorcall (inlined)
            |                                |                                |                                call_function (inlined)
            |                                |                                |                                _PyEval_EvalFrameDefault
            |                                |                                |                                0xffffffffffffffff
            |                                |                                |          
            |                                |                                 --0.56%--PyEval_EvalCode
            |                                |                                           run_eval_code_obj
            |                                |                                           run_mod
            |                                |                                           pyrun_file
            |                                |                                           _PyRun_SimpleFileObject
            |                                |                                           _PyRun_AnyFileObject
            |                                |                                           pymain_run_file_obj
            |                                |                                           pymain_run_file
            |                                |                                           pymain_run_python
            |                                |                                           Py_RunMain
            |                                |                                           pymain_main
            |                                |                                           Py_BytesMain
            |                                |                                           main
            |                                |                                           __libc_start_call_main
            |                                |                                           __libc_start_main_impl (inlined)
            |                                |                                           _start
            |                                |          
            |                                 --1.03%--PyObject_Vectorcall (inlined)
            |                                           call_function (inlined)
            |                                           _PyEval_EvalFrameDefault
            |                                           _PyEval_EvalFrame (inlined)
            |                                           _PyEval_Vector
            |                                           _PyFunction_Vectorcall
            |                                           _PyObject_VectorcallTstate (inlined)
            |                                           PyObject_Vectorcall (inlined)
            |                                           call_function (inlined)
            |                                           _PyEval_EvalFrameDefault
            |                                           _PyEval_EvalFrame (inlined)
            |                                           _PyEval_Vector
            |                                           _PyFunction_Vectorcall
            |                                           |          
            |                                            --0.85%--_PyObject_VectorcallTstate (inlined)
            |                                                      PyObject_Vectorcall (inlined)
            |                                                      call_function (inlined)
            |                                                      _PyEval_EvalFrameDefault
            |                                                      _PyEval_EvalFrame (inlined)
            |                                                      _PyEval_Vector
            |                                                      _PyFunction_Vectorcall
            |                                                      _PyObject_VectorcallTstate (inlined)
            |                                                      PyObject_Vectorcall (inlined)
            |                                                      call_function (inlined)
            |                                                      _PyEval_EvalFrameDefault
            |                                                      _PyEval_EvalFrame (inlined)
            |                                                      _PyEval_Vector
            |                                                      |          
            |                                                       --0.75%--_PyFunction_Vectorcall
            |                                                                 _PyObject_VectorcallTstate (inlined)
            |                                                                 PyObject_Vectorcall (inlined)
            |                                                                 call_function (inlined)
            |                                                                 _PyEval_EvalFrameDefault
            |                                                                 _PyEval_EvalFrame (inlined)
            |                                                                 _PyEval_Vector
            |                                                                 _PyFunction_Vectorcall
            |                                                                 _PyObject_VectorcallTstate (inlined)
            |                                                                 PyObject_Vectorcall (inlined)
            |                                                                 call_function (inlined)
            |                                                                 _PyEval_EvalFrameDefault
            |                                                                 _PyEval_EvalFrame (inlined)
            |                                                                 _PyEval_Vector
            |                                                                 |          
            |                                                                  --0.66%--_PyFunction_Vectorcall
            |                                                                            _PyObject_VectorcallTstate (inlined)
            |                                                                            PyObject_Vectorcall (inlined)
            |                                                                            call_function (inlined)
            |                                                                            _PyEval_EvalFrameDefault
            |                                                                            _PyEval_EvalFrame (inlined)
            |                                                                            _PyEval_Vector
            |                                                                            |          
            |                                                                             --0.56%--_PyFunction_Vectorcall
            |                                                                                       _PyObject_VectorcallTstate (inlined)
            |                                                                                       PyObject_Vectorcall (inlined)
            |                                                                                       call_function (inlined)
            |                                                                                       _PyEval_EvalFrameDefault
            |                                                                                       _PyEval_EvalFrame (inlined)
            |                                                                                       _PyEval_Vector
            |          
            |--2.54%--_Py_DECREF (inlined)
            |          |          
            |           --2.45%--_PyEval_EvalFrameDefault
            |                     _PyEval_EvalFrame (inlined)
            |                     _PyEval_Vector
            |                     _PyFunction_Vectorcall
            |                     |          
            |                      --2.07%--_PyObject_VectorcallTstate (inlined)
            |                                |          
            |                                 --1.60%--PyObject_Vectorcall (inlined)
            |                                           call_function (inlined)
            |                                           _PyEval_EvalFrameDefault
            |                                           _PyEval_EvalFrame (inlined)
            |                                           _PyEval_Vector
            |                                           _PyFunction_Vectorcall
            |                                           |          
            |                                            --1.51%--_PyObject_VectorcallTstate (inlined)
            |                                                      PyObject_Vectorcall (inlined)
            |                                                      call_function (inlined)
            |                                                      _PyEval_EvalFrameDefault
            |                                                      _PyEval_EvalFrame (inlined)
            |                                                      _PyEval_Vector
            |                                                      _PyFunction_Vectorcall
            |                                                      |          
            |                                                       --1.41%--_PyObject_VectorcallTstate (inlined)
            |                                                                 PyObject_Vectorcall (inlined)
            |                                                                 call_function (inlined)
            |                                                                 _PyEval_EvalFrameDefault
            |                                                                 _PyEval_EvalFrame (inlined)
            |                                                                 _PyEval_Vector
            |                                                                 _PyFunction_Vectorcall
            |                                                                 |          
            |                                                                  --1.32%--_PyObject_VectorcallTstate (inlined)
            |                                                                            PyObject_Vectorcall (inlined)
            |                                                                            call_function (inlined)
            |                                                                            _PyEval_EvalFrameDefault
            |                                                                            _PyEval_EvalFrame (inlined)
            |                                                                            _PyEval_Vector
            |                                                                            _PyFunction_Vectorcall
            |                                                                            _PyObject_VectorcallTstate (inlined)
            |                                                                            PyObject_Vectorcall (inlined)
            |                                                                            call_function (inlined)
            |                                                                            _PyEval_EvalFrameDefault
            |                                                                            _PyEval_EvalFrame (inlined)
            |                                                                            _PyEval_Vector
            |                                                                            _PyFunction_Vectorcall
            |                                                                            _PyObject_VectorcallTstate (inlined)
            |                                                                            PyObject_Vectorcall (inlined)
            |                                                                            call_function (inlined)
            |                                                                            _PyEval_EvalFrameDefault
            |                                                                            _PyEval_EvalFrame (inlined)
            |                                                                            _PyEval_Vector
            |                                                                            _PyFunction_Vectorcall
            |                                                                            _PyObject_VectorcallTstate (inlined)
            |                                                                            PyObject_Vectorcall (inlined)
            |                                                                            call_function (inlined)
            |                                                                            _PyEval_EvalFrameDefault
            |                                                                            _PyEval_EvalFrame (inlined)
            |                                                                            _PyEval_Vector
            |                                                                            |          
            |                                                                             --1.22%--_PyFunction_Vectorcall
            |                                                                                       _PyObject_VectorcallTstate (inlined)
            |                                                                                       PyObject_Vectorcall (inlined)
            |                                                                                       call_function (inlined)
            |                                                                                       _PyEval_EvalFrameDefault
            |                                                                                       _PyEval_EvalFrame (inlined)
            |                                                                                       _PyEval_Vector
            |                                                                                       |          
            |                                                                                        --0.85%--_PyFunction_Vectorcall
            |                                                                                                  _PyObject_VectorcallTstate (inlined)
            |                                                                                                  PyObject_Vectorcall (inlined)
            |                                                                                                  call_function (inlined)
            |                                                                                                  _PyEval_EvalFrameDefault
            |                                                                                                  _PyEval_EvalFrame (inlined)
            |                                                                                                  _PyEval_Vector
            |                                                                                                  |          
            |                                                                                                   --0.66%--_PyFunction_Vectorcall
            |                                                                                                             _PyObject_VectorcallTstate (inlined)
            |                                                                                                             PyObject_Vectorcall (inlined)
            |                                                                                                             call_function (inlined)
            |                                                                                                             _PyEval_EvalFrameDefault
            |                                                                                                             _PyEval_EvalFrame (inlined)
            |                                                                                                             _PyEval_Vector
            |                                                                                                             |          
            |                                                                                                              --0.56%--PyEval_EvalCode
            |                                                                                                                        run_eval_code_obj
            |                                                                                                                        run_mod
            |                                                                                                                        pyrun_file
            |                                                                                                                        _PyRun_SimpleFileObject
            |                                                                                                                        _PyRun_AnyFileObject
            |                                                                                                                        pymain_run_file_obj
            |                                                                                                                        pymain_run_file
            |                                                                                                                        pymain_run_python
            |                                                                                                                        Py_RunMain
            |                                                                                                                        pymain_main
            |                                                                                                                        Py_BytesMain
            |                                                                                                                        main
            |                                                                                                                        __libc_start_call_main
            |                                                                                                                        __libc_start_main_impl (inlined)
            |                                                                                                                        _start
            |          
             --2.26%--_Py_INCREF (inlined)
                       _PyEval_EvalFrameDefault
                       _PyEval_EvalFrame (inlined)
                       _PyEval_Vector
                       _PyFunction_Vectorcall
                       |          
                        --2.07%--_PyObject_VectorcallTstate (inlined)
                                  |          
                                   --1.69%--PyObject_Vectorcall (inlined)
                                             call_function (inlined)
                                             _PyEval_EvalFrameDefault
                                             _PyEval_EvalFrame (inlined)
                                             _PyEval_Vector
                                             _PyFunction_Vectorcall
                                             _PyObject_VectorcallTstate (inlined)
                                             PyObject_Vectorcall (inlined)
                                             call_function (inlined)
                                             _PyEval_EvalFrameDefault
                                             _PyEval_EvalFrame (inlined)
                                             _PyEval_Vector
                                             _PyFunction_Vectorcall
                                             |          
                                              --1.51%--_PyObject_VectorcallTstate (inlined)
                                                        PyObject_Vectorcall (inlined)
                                                        call_function (inlined)
                                                        _PyEval_EvalFrameDefault
                                                        _PyEval_EvalFrame (inlined)
                                                        _PyEval_Vector
                                                        _PyFunction_Vectorcall
                                                        |          
                                                         --1.32%--_PyObject_VectorcallTstate (inlined)
                                                                   PyObject_Vectorcall (inlined)
                                                                   call_function (inlined)
                                                                   _PyEval_EvalFrameDefault
                                                                   _PyEval_EvalFrame (inlined)
                                                                   _PyEval_Vector
                                                                   _PyFunction_Vectorcall
                                                                   |          
                                                                    --1.22%--_PyObject_VectorcallTstate (inlined)
                                                                              PyObject_Vectorcall (inlined)
                                                                              call_function (inlined)
                                                                              _PyEval_EvalFrameDefault
                                                                              _PyEval_EvalFrame (inlined)
                                                                              _PyEval_Vector
                                                                              |          
                                                                               --1.03%--_PyFunction_Vectorcall
                                                                                         _PyObject_VectorcallTstate (inlined)
                                                                                         PyObject_Vectorcall (inlined)
                                                                                         call_function (inlined)
                                                                                         _PyEval_EvalFrameDefault
                                                                                         _PyEval_EvalFrame (inlined)
                                                                                         _PyEval_Vector
                                                                                         |          
                                                                                          --0.85%--_PyFunction_Vectorcall
                                                                                                    _PyObject_VectorcallTstate (inlined)
                                                                                                    PyObject_Vectorcall (inlined)
                                                                                                    call_function (inlined)
                                                                                                    _PyEval_EvalFrameDefault
                                                                                                    _PyEval_EvalFrame (inlined)
                                                                                                    _PyEval_Vector
                                                                                                    |          
                                                                                                     --0.66%--_PyFunction_Vectorcall
                                                                                                               _PyObject_VectorcallTstate (inlined)
                                                                                                               PyObject_Vectorcall (inlined)
                                                                                                               call_function (inlined)
                                                                                                               _PyEval_EvalFrameDefault
                                                                                                               _PyEval_EvalFrame (inlined)
                                                                                                               _PyEval_Vector
                                                                                                               |          
                                                                                                                --0.56%--_PyFunction_Vectorcall
                                                                                                                          _PyObject_VectorcallTstate (inlined)
                                                                                                                          PyObject_Vectorcall (inlined)
                                                                                                                          call_function (inlined)
                                                                                                                          _PyEval_EvalFrameDefault
                                                                                                                          _PyEval_EvalFrame (inlined)
                                                                                                                          _PyEval_Vector
 3.29%  ,python3.10d  ,[.] frame_dealloc.lto_priv.0
            |          
            |--1.88%--frame_dealloc (inlined)
            |          _Py_Dealloc
            |          _Py_DECREF (inlined)
            |          _PyEval_Vector
            |          _PyFunction_Vectorcall
            |          |          
            |           --1.51%--_PyObject_VectorcallTstate (inlined)
            |                     |          
            |                      --1.22%--PyObject_Vectorcall (inlined)
            |                                call_function (inlined)
            |                                _PyEval_EvalFrameDefault
            |                                _PyEval_EvalFrame (inlined)
            |                                _PyEval_Vector
            |                                _PyFunction_Vectorcall
            |                                |          
            |                                 --1.13%--_PyObject_VectorcallTstate (inlined)
            |                                           |          
            |                                            --0.85%--PyObject_Vectorcall (inlined)
            |                                                      call_function (inlined)
            |                                                      _PyEval_EvalFrameDefault
            |                                                      _PyEval_EvalFrame (inlined)
            |                                                      _PyEval_Vector
            |                                                      _PyFunction_Vectorcall
            |                                                      |          
            |                                                       --0.66%--_PyObject_VectorcallTstate (inlined)
            |                                                                 PyObject_Vectorcall (inlined)
            |                                                                 call_function (inlined)
            |                                                                 _PyEval_EvalFrameDefault
            |                                                                 _PyEval_EvalFrame (inlined)
            |                                                                 _PyEval_Vector
            |                                                                 _PyFunction_Vectorcall
            |                                                                 |          
            |                                                                  --0.56%--_PyObject_VectorcallTstate (inlined)
            |                                                                            PyObject_Vectorcall (inlined)
            |                                                                            call_function (inlined)
            |                                                                            _PyEval_EvalFrameDefault
            |                                                                            _PyEval_EvalFrame (inlined)
            |                                                                            _PyEval_Vector
            |                                                                            _PyFunction_Vectorcall
            |                                                                            _PyObject_VectorcallTstate (inlined)
            |                                                                            PyObject_Vectorcall (inlined)
            |                                                                            call_function (inlined)
            |                                                                            _PyEval_EvalFrameDefault
            |                                                                            _PyEval_EvalFrame (inlined)
            |                                                                            _PyEval_Vector
            |          
             --1.41%--_Py_DECREF (inlined)
                       |          
                        --1.32%--frame_dealloc (inlined)
                                  _Py_Dealloc
                                  _Py_DECREF (inlined)
                                  _PyEval_Vector
                                  _PyFunction_Vectorcall
                                  |          
                                   --1.13%--_PyObject_VectorcallTstate (inlined)
                                             |          
                                              --1.03%--PyObject_Vectorcall (inlined)
                                                        call_function (inlined)
                                                        _PyEval_EvalFrameDefault
                                                        _PyEval_EvalFrame (inlined)
                                                        _PyEval_Vector
                                                        _PyFunction_Vectorcall
                                                        _PyObject_VectorcallTstate (inlined)
                                                        |          
                                                         --0.75%--PyObject_Vectorcall (inlined)
                                                                   call_function (inlined)
                                                                   _PyEval_EvalFrameDefault
                                                                   _PyEval_EvalFrame (inlined)
                                                                   _PyEval_Vector
                                                                   _PyFunction_Vectorcall
                                                                   _PyObject_VectorcallTstate (inlined)
                                                                   PyObject_Vectorcall (inlined)
                                                                   call_function (inlined)
                                                                   _PyEval_EvalFrameDefault
                                                                   _PyEval_EvalFrame (inlined)
                                                                   _PyEval_Vector
                                                                   _PyFunction_Vectorcall
                                                                   _PyObject_VectorcallTstate (inlined)
                                                                   PyObject_Vectorcall (inlined)
                                                                   call_function (inlined)
                                                                   _PyEval_EvalFrameDefault
                                                                   _PyEval_EvalFrame (inlined)
                                                                   _PyEval_Vector
                                                                   _PyFunction_Vectorcall
                                                                   _PyObject_VectorcallTstate (inlined)
                                                                   PyObject_Vectorcall (inlined)
                                                                   call_function (inlined)
                                                                   _PyEval_EvalFrameDefault
                                                                   _PyEval_EvalFrame (inlined)
                                                                   _PyEval_Vector
                                                                   _PyFunction_Vectorcall
                                                                   _PyObject_VectorcallTstate (inlined)
                                                                   PyObject_Vectorcall (inlined)
                                                                   call_function (inlined)
                                                                   _PyEval_EvalFrameDefault
                                                                   _PyEval_EvalFrame (inlined)
                                                                   _PyEval_Vector
                                                                   |          
                                                                    --0.56%--_PyFunction_Vectorcall
                                                                              _PyObject_VectorcallTstate (inlined)
                                                                              PyObject_Vectorcall (inlined)
                                                                              call_function (inlined)
                                                                              _PyEval_EvalFrameDefault
                                                                              _PyEval_EvalFrame (inlined)
                                                                              _PyEval_Vector
 3.20%  ,python3.10d  ,[.] _PyEval_MakeFrameVector
            |          
             --3.10%--_PyEval_MakeFrameVector
                       _PyEval_Vector
                       _PyFunction_Vectorcall
                       |          
                       |--1.98%--_PyObject_VectorcallTstate (inlined)
                       |          |          
                       |           --1.51%--PyObject_Vectorcall (inlined)
                       |                     call_function (inlined)
                       |                     _PyEval_EvalFrameDefault
                       |                     _PyEval_EvalFrame (inlined)
                       |                     _PyEval_Vector
                       |                     _PyFunction_Vectorcall
                       |                     |          
                       |                      --1.41%--_PyObject_VectorcallTstate (inlined)
                       |                                |          
                       |                                 --1.13%--PyObject_Vectorcall (inlined)
                       |                                           call_function (inlined)
                       |                                           _PyEval_EvalFrameDefault
                       |                                           _PyEval_EvalFrame (inlined)
                       |                                           _PyEval_Vector
                       |                                           _PyFunction_Vectorcall
                       |                                           |          
                       |                                            --1.03%--_PyObject_VectorcallTstate (inlined)
                       |                                                      PyObject_Vectorcall (inlined)
                       |                                                      call_function (inlined)
                       |                                                      _PyEval_EvalFrameDefault
                       |                                                      _PyEval_EvalFrame (inlined)
                       |                                                      _PyEval_Vector
                       |                                                      _PyFunction_Vectorcall
                       |                                                      _PyObject_VectorcallTstate (inlined)
                       |                                                      PyObject_Vectorcall (inlined)
                       |                                                      call_function (inlined)
                       |                                                      _PyEval_EvalFrameDefault
                       |                                                      _PyEval_EvalFrame (inlined)
                       |                                                      _PyEval_Vector
                       |                                                      _PyFunction_Vectorcall
                       |                                                      |          
                       |                                                       --0.94%--_PyObject_VectorcallTstate (inlined)
                       |                                                                 PyObject_Vectorcall (inlined)
                       |                                                                 call_function (inlined)
                       |                                                                 _PyEval_EvalFrameDefault
                       |                                                                 _PyEval_EvalFrame (inlined)
                       |                                                                 _PyEval_Vector
                       |                                                                 _PyFunction_Vectorcall
                       |                                                                 _PyObject_VectorcallTstate (inlined)
                       |                                                                 PyObject_Vectorcall (inlined)
                       |                                                                 call_function (inlined)
                       |                                                                 _PyEval_EvalFrameDefault
                       |                                                                 _PyEval_EvalFrame (inlined)
                       |                                                                 _PyEval_Vector
                       |                                                                 _PyFunction_Vectorcall
                       |                                                                 _PyObject_VectorcallTstate (inlined)
                       |                                                                 PyObject_Vectorcall (inlined)
                       |                                                                 call_function (inlined)
                       |                                                                 _PyEval_EvalFrameDefault
                       |                                                                 _PyEval_EvalFrame (inlined)
                       |                                                                 _PyEval_Vector
                       |                                                                 |          
                       |                                                                  --0.85%--_PyFunction_Vectorcall
                       |                                                                            _PyObject_VectorcallTstate (inlined)
                       |                                                                            PyObject_Vectorcall (inlined)
                       |                                                                            call_function (inlined)
                       |                                                                            _PyEval_EvalFrameDefault
                       |                                                                            _PyEval_EvalFrame (inlined)
                       |                                                                            _PyEval_Vector
                       |                                                                            |          
                       |                                                                             --0.75%--_PyFunction_Vectorcall
                       |                                                                                       _PyObject_VectorcallTstate (inlined)
                       |                                                                                       PyObject_Vectorcall (inlined)
                       |                                                                                       call_function (inlined)
                       |                                                                                       _PyEval_EvalFrameDefault
                       |                                                                                       _PyEval_EvalFrame (inlined)
                       |                                                                                       _PyEval_Vector
                       |                                                                                       |          
                       |                                                                                        --0.56%--_PyFunction_Vectorcall
                       |                                                                                                  _PyObject_VectorcallTstate (inlined)
                       |                                                                                                  PyObject_Vectorcall (inlined)
                       |                                                                                                  call_function (inlined)
                       |                                                                                                  _PyEval_EvalFrameDefault
                       |                                                                                                  _PyEval_EvalFrame (inlined)
                       |                                                                                                  _PyEval_Vector
                       |          
                        --1.13%--_PyObject_FastCallDictTstate
                                  _PyObject_Call_Prepend
                                  |          
                                   --1.03%--slot_tp_init
                                             type_call (inlined)
                                             _PyObject_MakeTpCall
                                             _PyObject_VectorcallTstate (inlined)
                                             PyObject_Vectorcall (inlined)
                                             call_function (inlined)
                                             _PyEval_EvalFrameDefault
                                             _PyEval_EvalFrame (inlined)
                                             _PyEval_Vector
                                             _PyFunction_Vectorcall
                                             _PyObject_VectorcallTstate (inlined)
                                             |          
                                              --0.56%--vectorcall_unbound (inlined)
                                                        vectorcall_maybe (inlined)
                                                        slot_nb_subtract
                                                        binary_op1
                                                        binary_op
                                                        PyNumber_Subtract
                                                        _PyEval_EvalFrameDefault
                                                        _PyEval_EvalFrame (inlined)
                                                        _PyEval_Vector
                                                        _PyFunction_Vectorcall
                                                        _PyObject_VectorcallTstate (inlined)
                                                        PyObject_Vectorcall (inlined)
                                                        call_function (inlined)
                                                        _PyEval_EvalFrameDefault
                                                        _PyEval_EvalFrame (inlined)
                                                        _PyEval_Vector
                                                        _PyFunction_Vectorcall
                                                        _PyObject_VectorcallTstate (inlined)
                                                        PyObject_Vectorcall (inlined)
                                                        call_function (inlined)
                                                        _PyEval_EvalFrameDefault
                                                        _PyEval_EvalFrame (inlined)
                                                        _PyEval_Vector
                                                        _PyFunction_Vectorcall
                                                        _PyObject_VectorcallTstate (inlined)
                                                        PyObject_Vectorcall (inlined)
                                                        call_function (inlined)
                                                        _PyEval_EvalFrameDefault
                                                        _PyEval_EvalFrame (inlined)
                                                        _PyEval_Vector
                                                        _PyFunction_Vectorcall
                                                        _PyObject_VectorcallTstate (inlined)
                                                        PyObject_Vectorcall (inlined)
                                                        call_function (inlined)
                                                        _PyEval_EvalFrameDefault
                                                        _PyEval_EvalFrame (inlined)
                                                        _PyEval_Vector
                                                        _PyFunction_Vectorcall
                                                        _PyObject_VectorcallTstate (inlined)
                                                        PyObject_Vectorcall (inlined)
                                                        call_function (inlined)
                                                        _PyEval_EvalFrameDefault
                                                        _PyEval_EvalFrame (inlined)
                                                        _PyEval_Vector
                                                        _PyFunction_Vectorcall
                                                        _PyObject_VectorcallTstate (inlined)
                                                        PyObject_Vectorcall (inlined)
                                                        call_function (inlined)
                                                        _PyEval_EvalFrameDefault
                                                        _PyEval_EvalFrame (inlined)
                                                        _PyEval_Vector
                                                        _PyFunction_Vectorcall
                                                        _PyObject_VectorcallTstate (inlined)
                                                        PyObject_Vectorcall (inlined)
                                                        call_function (inlined)
                                                        _PyEval_EvalFrameDefault
                                                        _PyEval_EvalFrame (inlined)
                                                        _PyEval_Vector
                                                        _PyFunction_Vectorcall
                                                        _PyObject_VectorcallTstate (inlined)
                                                        PyObject_Vectorcall (inlined)
                                                        call_function (inlined)
                                                        _PyEval_EvalFrameDefault
                                                        _PyEval_EvalFrame (inlined)
                                                        _PyEval_Vector
 2.73%  ,python3.10d  ,[.] _PyType_Lookup
            |
            ---_PyType_Lookup
               |          
               |--1.03%--_PyObject_GenericSetAttrWithDict
               |          PyObject_GenericSetAttr
               |          PyObject_SetAttr
               |          _PyEval_EvalFrameDefault
               |          _PyEval_EvalFrame (inlined)
               |          _PyEval_Vector
               |          _PyFunction_Vectorcall
               |          _PyObject_FastCallDictTstate
               |          _PyObject_Call_Prepend
               |          slot_tp_init
               |          type_call (inlined)
               |          _PyObject_MakeTpCall
               |          _PyObject_VectorcallTstate (inlined)
               |          PyObject_Vectorcall (inlined)
               |          call_function (inlined)
               |          _PyEval_EvalFrameDefault
               |          _PyEval_EvalFrame (inlined)
               |          _PyEval_Vector
               |          _PyFunction_Vectorcall
               |          _PyObject_VectorcallTstate (inlined)
               |          |          
               |           --0.66%--vectorcall_unbound (inlined)
               |                     vectorcall_maybe (inlined)
               |                     slot_nb_subtract
               |                     binary_op1
               |                     binary_op
               |                     PyNumber_Subtract
               |                     _PyEval_EvalFrameDefault
               |                     _PyEval_EvalFrame (inlined)
               |                     _PyEval_Vector
               |                     _PyFunction_Vectorcall
               |                     _PyObject_VectorcallTstate (inlined)
               |                     PyObject_Vectorcall (inlined)
               |                     call_function (inlined)
               |                     _PyEval_EvalFrameDefault
               |                     _PyEval_EvalFrame (inlined)
               |                     _PyEval_Vector
               |                     _PyFunction_Vectorcall
               |                     _PyObject_VectorcallTstate (inlined)
               |                     PyObject_Vectorcall (inlined)
               |                     call_function (inlined)
               |                     _PyEval_EvalFrameDefault
               |                     _PyEval_EvalFrame (inlined)
               |                     _PyEval_Vector
               |                     _PyFunction_Vectorcall
               |                     _PyObject_VectorcallTstate (inlined)
               |                     PyObject_Vectorcall (inlined)
               |                     call_function (inlined)
               |                     _PyEval_EvalFrameDefault
               |                     _PyEval_EvalFrame (inlined)
               |                     _PyEval_Vector
               |                     _PyFunction_Vectorcall
               |                     _PyObject_VectorcallTstate (inlined)
               |                     PyObject_Vectorcall (inlined)
               |                     call_function (inlined)
               |                     _PyEval_EvalFrameDefault
               |                     _PyEval_EvalFrame (inlined)
               |                     _PyEval_Vector
               |                     _PyFunction_Vectorcall
               |                     _PyObject_VectorcallTstate (inlined)
               |                     PyObject_Vectorcall (inlined)
               |                     call_function (inlined)
               |                     _PyEval_EvalFrameDefault
               |                     _PyEval_EvalFrame (inlined)
               |                     _PyEval_Vector
               |                     _PyFunction_Vectorcall
               |                     _PyObject_VectorcallTstate (inlined)
               |                     PyObject_Vectorcall (inlined)
               |                     call_function (inlined)
               |                     _PyEval_EvalFrameDefault
               |                     _PyEval_EvalFrame (inlined)
               |                     _PyEval_Vector
               |                     _PyFunction_Vectorcall
               |                     _PyObject_VectorcallTstate (inlined)
               |                     PyObject_Vectorcall (inlined)
               |                     call_function (inlined)
               |                     _PyEval_EvalFrameDefault
               |                     _PyEval_EvalFrame (inlined)
               |                     _PyEval_Vector
               |                     |          
               |                      --0.56%--_PyFunction_Vectorcall
               |                                _PyObject_VectorcallTstate (inlined)
               |                                PyObject_Vectorcall (inlined)
               |                                call_function (inlined)
               |                                _PyEval_EvalFrameDefault
               |                                _PyEval_EvalFrame (inlined)
               |                                _PyEval_Vector
               |          
               |--0.94%--_PyType_LookupId
               |          lookup_maybe_method (inlined)
               |          |          
               |           --0.66%--lookup_method (inlined)
               |                     slot_tp_init
               |                     type_call (inlined)
               |                     _PyObject_MakeTpCall
               |                     _PyObject_VectorcallTstate (inlined)
               |                     PyObject_Vectorcall (inlined)
               |                     call_function (inlined)
               |                     _PyEval_EvalFrameDefault
               |                     _PyEval_EvalFrame (inlined)
               |                     _PyEval_Vector
               |                     _PyFunction_Vectorcall
               |                     _PyObject_VectorcallTstate (inlined)
               |                     |          
               |                      --0.56%--vectorcall_unbound (inlined)
               |                                vectorcall_maybe (inlined)
               |          
                --0.75%--_PyObject_GetMethod
                          _PyEval_EvalFrameDefault
                          _PyEval_EvalFrame (inlined)
                          _PyEval_Vector
                          _PyFunction_Vectorcall
                          _PyObject_VectorcallTstate (inlined)
 2.73%  ,python3.10d  ,[.] call_function.lto_priv.0
            |          
            |--1.13%--call_function (inlined)
            |          _PyEval_EvalFrameDefault
            |          _PyEval_EvalFrame (inlined)
            |          _PyEval_Vector
            |          _PyFunction_Vectorcall
            |          _PyObject_VectorcallTstate (inlined)
            |          |          
            |           --0.85%--PyObject_Vectorcall (inlined)
            |                     call_function (inlined)
            |                     _PyEval_EvalFrameDefault
            |                     _PyEval_EvalFrame (inlined)
            |                     _PyEval_Vector
            |                     _PyFunction_Vectorcall
            |                     |          
            |                      --0.75%--_PyObject_VectorcallTstate (inlined)
            |                                PyObject_Vectorcall (inlined)
            |                                call_function (inlined)
            |                                _PyEval_EvalFrameDefault
            |                                _PyEval_EvalFrame (inlined)
            |                                _PyEval_Vector
            |                                _PyFunction_Vectorcall
            |                                _PyObject_VectorcallTstate (inlined)
            |                                PyObject_Vectorcall (inlined)
            |                                call_function (inlined)
            |                                _PyEval_EvalFrameDefault
            |                                _PyEval_EvalFrame (inlined)
            |                                _PyEval_Vector
            |                                _PyFunction_Vectorcall
            |                                _PyObject_VectorcallTstate (inlined)
            |                                PyObject_Vectorcall (inlined)
            |                                call_function (inlined)
            |                                _PyEval_EvalFrameDefault
            |                                _PyEval_EvalFrame (inlined)
            |                                _PyEval_Vector
            |                                _PyFunction_Vectorcall
            |                                _PyObject_VectorcallTstate (inlined)
            |                                PyObject_Vectorcall (inlined)
            |                                call_function (inlined)
            |                                _PyEval_EvalFrameDefault
            |                                _PyEval_EvalFrame (inlined)
            |                                _PyEval_Vector
            |                                _PyFunction_Vectorcall
            |                                _PyObject_VectorcallTstate (inlined)
            |                                PyObject_Vectorcall (inlined)
            |                                call_function (inlined)
            |                                _PyEval_EvalFrameDefault
            |                                _PyEval_EvalFrame (inlined)
            |                                _PyEval_Vector
            |                                _PyFunction_Vectorcall
            |                                _PyObject_VectorcallTstate (inlined)
            |                                PyObject_Vectorcall (inlined)
            |                                call_function (inlined)
            |                                _PyEval_EvalFrameDefault
            |                                _PyEval_EvalFrame (inlined)
            |                                _PyEval_Vector
            |                                _PyFunction_Vectorcall
            |                                _PyObject_VectorcallTstate (inlined)
            |                                PyObject_Vectorcall (inlined)
            |                                call_function (inlined)
            |                                _PyEval_EvalFrameDefault
            |                                _PyEval_EvalFrame (inlined)
            |                                _PyEval_Vector
            |          
            |--0.85%--PyObject_Vectorcall (inlined)
            |          call_function (inlined)
            |          _PyEval_EvalFrameDefault
            |          _PyEval_EvalFrame (inlined)
            |          _PyEval_Vector
            |          _PyFunction_Vectorcall
            |          _PyObject_VectorcallTstate (inlined)
            |          |          
            |           --0.56%--PyObject_Vectorcall (inlined)
            |                     call_function (inlined)
            |                     _PyEval_EvalFrameDefault
            |                     _PyEval_EvalFrame (inlined)
            |                     _PyEval_Vector
            |                     _PyFunction_Vectorcall
            |                     _PyObject_VectorcallTstate (inlined)
            |                     PyObject_Vectorcall (inlined)
            |                     call_function (inlined)
            |                     _PyEval_EvalFrameDefault
            |                     _PyEval_EvalFrame (inlined)
            |                     _PyEval_Vector
            |                     _PyFunction_Vectorcall
            |          
             --0.75%--_Py_DECREF (inlined)
                       call_function (inlined)
                       _PyEval_EvalFrameDefault
                       _PyEval_EvalFrame (inlined)
                       _PyEval_Vector
                       _PyFunction_Vectorcall
                       _PyObject_VectorcallTstate (inlined)
 2.35%  ,python3.10d  ,[.] _PyDict_GetItemHint
            |
            ---_PyDict_GetItemHint
               _PyEval_EvalFrameDefault
               _PyEval_EvalFrame (inlined)
               _PyEval_Vector
               _PyFunction_Vectorcall
               _PyObject_VectorcallTstate (inlined)
               |          
               |--1.79%--PyObject_Vectorcall (inlined)
               |          call_function (inlined)
               |          _PyEval_EvalFrameDefault
               |          _PyEval_EvalFrame (inlined)
               |          _PyEval_Vector
               |          _PyFunction_Vectorcall
               |          _PyObject_VectorcallTstate (inlined)
               |          PyObject_Vectorcall (inlined)
               |          call_function (inlined)
               |          _PyEval_EvalFrameDefault
               |          _PyEval_EvalFrame (inlined)
               |          _PyEval_Vector
               |          _PyFunction_Vectorcall
               |          |          
               |           --1.51%--_PyObject_VectorcallTstate (inlined)
               |                     PyObject_Vectorcall (inlined)
               |                     call_function (inlined)
               |                     _PyEval_EvalFrameDefault
               |                     _PyEval_EvalFrame (inlined)
               |                     _PyEval_Vector
               |                     _PyFunction_Vectorcall
               |                     |          
               |                      --1.22%--_PyObject_VectorcallTstate (inlined)
               |                                PyObject_Vectorcall (inlined)
               |                                call_function (inlined)
               |                                _PyEval_EvalFrameDefault
               |                                _PyEval_EvalFrame (inlined)
               |                                _PyEval_Vector
               |                                _PyFunction_Vectorcall
               |                                _PyObject_VectorcallTstate (inlined)
               |                                PyObject_Vectorcall (inlined)
               |                                call_function (inlined)
               |                                _PyEval_EvalFrameDefault
               |                                _PyEval_EvalFrame (inlined)
               |                                _PyEval_Vector
               |                                |          
               |                                 --1.13%--_PyFunction_Vectorcall
               |                                           _PyObject_VectorcallTstate (inlined)
               |                                           PyObject_Vectorcall (inlined)
               |                                           call_function (inlined)
               |                                           _PyEval_EvalFrameDefault
               |                                           _PyEval_EvalFrame (inlined)
               |                                           _PyEval_Vector
               |                                           _PyFunction_Vectorcall
               |                                           _PyObject_VectorcallTstate (inlined)
               |                                           PyObject_Vectorcall (inlined)
               |                                           call_function (inlined)
               |                                           _PyEval_EvalFrameDefault
               |                                           _PyEval_EvalFrame (inlined)
               |                                           _PyEval_Vector
               |                                           |          
               |                                            --0.94%--_PyFunction_Vectorcall
               |                                                      _PyObject_VectorcallTstate (inlined)
               |                                                      PyObject_Vectorcall (inlined)
               |                                                      call_function (inlined)
               |                                                      _PyEval_EvalFrameDefault
               |                                                      _PyEval_EvalFrame (inlined)
               |                                                      _PyEval_Vector
               |                                                      |          
               |                                                       --0.75%--_PyFunction_Vectorcall
               |                                                                 _PyObject_VectorcallTstate (inlined)
               |                                                                 PyObject_Vectorcall (inlined)
               |                                                                 call_function (inlined)
               |                                                                 _PyEval_EvalFrameDefault
               |                                                                 _PyEval_EvalFrame (inlined)
               |                                                                 _PyEval_Vector
               |          
                --0.56%--vectorcall_unbound (inlined)
                          vectorcall_maybe (inlined)
                          slot_nb_subtract
                          binary_op1
                          binary_op
                          PyNumber_Subtract
                          _PyEval_EvalFrameDefault
                          _PyEval_EvalFrame (inlined)
                          _PyEval_Vector
                          _PyFunction_Vectorcall
                          _PyObject_VectorcallTstate (inlined)
                          PyObject_Vectorcall (inlined)
                          call_function (inlined)
                          _PyEval_EvalFrameDefault
                          _PyEval_EvalFrame (inlined)
                          _PyEval_Vector
                          _PyFunction_Vectorcall
                          _PyObject_VectorcallTstate (inlined)
                          PyObject_Vectorcall (inlined)
                          call_function (inlined)
                          _PyEval_EvalFrameDefault
                          _PyEval_EvalFrame (inlined)
                          _PyEval_Vector
                          _PyFunction_Vectorcall
                          _PyObject_VectorcallTstate (inlined)
                          PyObject_Vectorcall (inlined)
                          call_function (inlined)
                          _PyEval_EvalFrameDefault
                          _PyEval_EvalFrame (inlined)
                          _PyEval_Vector
                          _PyFunction_Vectorcall
                          _PyObject_VectorcallTstate (inlined)
                          PyObject_Vectorcall (inlined)
                          call_function (inlined)
                          _PyEval_EvalFrameDefault
                          _PyEval_EvalFrame (inlined)
                          _PyEval_Vector
                          _PyFunction_Vectorcall
                          _PyObject_VectorcallTstate (inlined)
                          PyObject_Vectorcall (inlined)
                          call_function (inlined)
                          _PyEval_EvalFrameDefault
                          _PyEval_EvalFrame (inlined)
                          _PyEval_Vector
                          _PyFunction_Vectorcall
                          _PyObject_VectorcallTstate (inlined)
                          PyObject_Vectorcall (inlined)
                          call_function (inlined)
                          _PyEval_EvalFrameDefault
                          _PyEval_EvalFrame (inlined)
                          _PyEval_Vector
 2.16%  ,python3.10d  ,[.] lookdict_split.lto_priv.0
            |          
             --1.69%--lookdict_split (inlined)
                       |          
                       |--1.03%--insertdict
                       |          PyDict_SetItem
                       |          _PyObjectDict_SetItem
                       |          _PyObject_GenericSetAttrWithDict
                       |          PyObject_GenericSetAttr
                       |          PyObject_SetAttr
                       |          _PyEval_EvalFrameDefault
                       |          _PyEval_EvalFrame (inlined)
                       |          _PyEval_Vector
                       |          _PyFunction_Vectorcall
                       |          |          
                       |           --0.94%--_PyObject_FastCallDictTstate
                       |                     _PyObject_Call_Prepend
                       |                     slot_tp_init
                       |                     type_call (inlined)
                       |                     _PyObject_MakeTpCall
                       |                     _PyObject_VectorcallTstate (inlined)
                       |                     PyObject_Vectorcall (inlined)
                       |                     call_function (inlined)
                       |                     _PyEval_EvalFrameDefault
                       |                     _PyEval_EvalFrame (inlined)
                       |                     _PyEval_Vector
                       |                     _PyFunction_Vectorcall
                       |                     _PyObject_VectorcallTstate (inlined)
                       |                     |          
                       |                      --0.56%--vectorcall_unbound (inlined)
                       |                                vectorcall_maybe (inlined)
                       |                                slot_nb_subtract
                       |                                binary_op1
                       |                                binary_op
                       |                                PyNumber_Subtract
                       |                                _PyEval_EvalFrameDefault
                       |                                _PyEval_EvalFrame (inlined)
                       |                                _PyEval_Vector
                       |                                _PyFunction_Vectorcall
                       |                                _PyObject_VectorcallTstate (inlined)
                       |                                PyObject_Vectorcall (inlined)
                       |                                call_function (inlined)
                       |                                _PyEval_EvalFrameDefault
                       |                                _PyEval_EvalFrame (inlined)
                       |                                _PyEval_Vector
                       |                                _PyFunction_Vectorcall
                       |                                _PyObject_VectorcallTstate (inlined)
                       |                                PyObject_Vectorcall (inlined)
                       |                                call_function (inlined)
                       |                                _PyEval_EvalFrameDefault
                       |                                _PyEval_EvalFrame (inlined)
                       |                                _PyEval_Vector
                       |                                _PyFunction_Vectorcall
                       |                                _PyObject_VectorcallTstate (inlined)
                       |                                PyObject_Vectorcall (inlined)
                       |                                call_function (inlined)
                       |                                _PyEval_EvalFrameDefault
                       |                                _PyEval_EvalFrame (inlined)
                       |                                _PyEval_Vector
                       |                                _PyFunction_Vectorcall
                       |                                _PyObject_VectorcallTstate (inlined)
                       |                                PyObject_Vectorcall (inlined)
                       |                                call_function (inlined)
                       |                                _PyEval_EvalFrameDefault
                       |                                _PyEval_EvalFrame (inlined)
                       |                                _PyEval_Vector
                       |                                _PyFunction_Vectorcall
                       |                                _PyObject_VectorcallTstate (inlined)
                       |                                PyObject_Vectorcall (inlined)
                       |                                call_function (inlined)
                       |                                _PyEval_EvalFrameDefault
                       |                                _PyEval_EvalFrame (inlined)
                       |                                _PyEval_Vector
                       |                                _PyFunction_Vectorcall
                       |                                _PyObject_VectorcallTstate (inlined)
                       |                                PyObject_Vectorcall (inlined)
                       |                                call_function (inlined)
                       |                                _PyEval_EvalFrameDefault
                       |                                _PyEval_EvalFrame (inlined)
                       |                                _PyEval_Vector
                       |                                _PyFunction_Vectorcall
                       |                                _PyObject_VectorcallTstate (inlined)
                       |                                PyObject_Vectorcall (inlined)
                       |                                call_function (inlined)
                       |                                _PyEval_EvalFrameDefault
                       |                                _PyEval_EvalFrame (inlined)
                       |                                _PyEval_Vector
                       |          
                        --0.66%--PyDict_GetItemWithError
                                  |          
                                   --0.56%--_PyObject_GetMethod
                                             _PyEval_EvalFrameDefault
                                             _PyEval_EvalFrame (inlined)
                                             _PyEval_Vector
                                             _PyFunction_Vectorcall
                                             _PyObject_VectorcallTstate (inlined)
 2.07%  ,python3.10d  ,[.] _PyObject_VectorcallTstate.lto_priv.10
            |          
            |--1.51%--_PyObject_VectorcallTstate (inlined)
            |          PyObject_Vectorcall (inlined)
            |          call_function (inlined)
            |          _PyEval_EvalFrameDefault
            |          _PyEval_EvalFrame (inlined)
            |          _PyEval_Vector
            |          _PyFunction_Vectorcall
            |          _PyObject_VectorcallTstate (inlined)
            |          |          
            |           --1.13%--PyObject_Vectorcall (inlined)
            |                     call_function (inlined)
            |                     _PyEval_EvalFrameDefault
            |                     _PyEval_EvalFrame (inlined)
            |                     _PyEval_Vector
            |                     _PyFunction_Vectorcall
            |                     |          
            |                      --0.94%--_PyObject_VectorcallTstate (inlined)
            |                                PyObject_Vectorcall (inlined)
            |                                call_function (inlined)
            |                                _PyEval_EvalFrameDefault
            |                                _PyEval_EvalFrame (inlined)
            |                                _PyEval_Vector
            |                                _PyFunction_Vectorcall
            |                                |          
            |                                 --0.75%--_PyObject_VectorcallTstate (inlined)
            |                                           PyObject_Vectorcall (inlined)
            |                                           call_function (inlined)
            |                                           _PyEval_EvalFrameDefault
            |                                           _PyEval_EvalFrame (inlined)
            |                                           _PyEval_Vector
            |                                           _PyFunction_Vectorcall
            |                                           _PyObject_VectorcallTstate (inlined)
            |                                           PyObject_Vectorcall (inlined)
            |                                           call_function (inlined)
            |                                           _PyEval_EvalFrameDefault
            |                                           _PyEval_EvalFrame (inlined)
            |                                           _PyEval_Vector
            |                                           _PyFunction_Vectorcall
            |                                           _PyObject_VectorcallTstate (inlined)
            |                                           PyObject_Vectorcall (inlined)
            |                                           call_function (inlined)
            |                                           _PyEval_EvalFrameDefault
            |                                           _PyEval_EvalFrame (inlined)
            |                                           _PyEval_Vector
            |                                           |          
            |                                            --0.66%--_PyFunction_Vectorcall
            |                                                      _PyObject_VectorcallTstate (inlined)
            |                                                      PyObject_Vectorcall (inlined)
            |                                                      call_function (inlined)
            |                                                      _PyEval_EvalFrameDefault
            |                                                      _PyEval_EvalFrame (inlined)
            |                                                      _PyEval_Vector
            |                                                      _PyFunction_Vectorcall
            |                                                      _PyObject_VectorcallTstate (inlined)
            |                                                      PyObject_Vectorcall (inlined)
            |                                                      call_function (inlined)
            |                                                      _PyEval_EvalFrameDefault
            |                                                      _PyEval_EvalFrame (inlined)
            |                                                      _PyEval_Vector
            |          
             --0.56%--PyVectorcall_Function (inlined)
                       _PyObject_VectorcallTstate (inlined)
                       PyObject_Vectorcall (inlined)
                       call_function (inlined)
                       _PyEval_EvalFrameDefault
                       _PyEval_EvalFrame (inlined)
                       _PyEval_Vector
                       _PyFunction_Vectorcall
                       _PyObject_VectorcallTstate (inlined)
 1.88%  ,python3.10d  ,[.] PyTuple_GetItem
            |
            ---PyTuple_GetItem
               _PyEval_EvalFrameDefault
               _PyEval_EvalFrame (inlined)
               _PyEval_Vector
               _PyFunction_Vectorcall
               |          
                --1.60%--_PyObject_VectorcallTstate (inlined)
                          |          
                           --1.13%--PyObject_Vectorcall (inlined)
                                     call_function (inlined)
                                     _PyEval_EvalFrameDefault
                                     _PyEval_EvalFrame (inlined)
                                     _PyEval_Vector
                                     _PyFunction_Vectorcall
                                     |          
                                      --1.03%--_PyObject_VectorcallTstate (inlined)
                                                |          
                                                 --0.85%--PyObject_Vectorcall (inlined)
                                                           call_function (inlined)
                                                           _PyEval_EvalFrameDefault
                                                           _PyEval_EvalFrame (inlined)
                                                           _PyEval_Vector
                                                           _PyFunction_Vectorcall
                                                           _PyObject_VectorcallTstate (inlined)
                                                           PyObject_Vectorcall (inlined)
                                                           call_function (inlined)
                                                           _PyEval_EvalFrameDefault
                                                           _PyEval_EvalFrame (inlined)
                                                           _PyEval_Vector
                                                           _PyFunction_Vectorcall
                                                           |          
                                                            --0.75%--_PyObject_VectorcallTstate (inlined)
                                                                      PyObject_Vectorcall (inlined)
                                                                      call_function (inlined)
                                                                      _PyEval_EvalFrameDefault
                                                                      _PyEval_EvalFrame (inlined)
                                                                      _PyEval_Vector
                                                                      _PyFunction_Vectorcall
                                                                      _PyObject_VectorcallTstate (inlined)
                                                                      PyObject_Vectorcall (inlined)
                                                                      call_function (inlined)
                                                                      _PyEval_EvalFrameDefault
                                                                      _PyEval_EvalFrame (inlined)
                                                                      _PyEval_Vector
                                                                      _PyFunction_Vectorcall
                                                                      _PyObject_VectorcallTstate (inlined)
                                                                      PyObject_Vectorcall (inlined)
                                                                      call_function (inlined)
                                                                      _PyEval_EvalFrameDefault
                                                                      _PyEval_EvalFrame (inlined)
                                                                      _PyEval_Vector
                                                                      _PyFunction_Vectorcall
                                                                      _PyObject_VectorcallTstate (inlined)
                                                                      PyObject_Vectorcall (inlined)
                                                                      call_function (inlined)
                                                                      _PyEval_EvalFrameDefault
                                                                      _PyEval_EvalFrame (inlined)
                                                                      _PyEval_Vector
                                                                      |          
                                                                       --0.66%--_PyFunction_Vectorcall
                                                                                 _PyObject_VectorcallTstate (inlined)
                                                                                 PyObject_Vectorcall (inlined)
                                                                                 call_function (inlined)
                                                                                 _PyEval_EvalFrameDefault
                                                                                 _PyEval_EvalFrame (inlined)
                                                                                 _PyEval_Vector
                                                                                 |          
                                                                                  --0.56%--_PyFunction_Vectorcall
                                                                                            _PyObject_VectorcallTstate (inlined)
                                                                                            PyObject_Vectorcall (inlined)
                                                                                            call_function (inlined)
                                                                                            _PyEval_EvalFrameDefault
                                                                                            _PyEval_EvalFrame (inlined)
                                                                                            _PyEval_Vector
 1.60%  ,python3.10d  ,[.] _PyObject_GetMethod
            |          
             --1.03%--_PyObject_GetMethod
                       _PyEval_EvalFrameDefault
                       _PyEval_EvalFrame (inlined)
                       _PyEval_Vector
                       _PyFunction_Vectorcall
                       |          
                        --0.94%--_PyObject_VectorcallTstate (inlined)
                                  PyObject_Vectorcall (inlined)
                                  call_function (inlined)
                                  _PyEval_EvalFrameDefault
                                  _PyEval_EvalFrame (inlined)
                                  _PyEval_Vector
                                  _PyFunction_Vectorcall
                                  _PyObject_VectorcallTstate (inlined)
                                  PyObject_Vectorcall (inlined)
                                  call_function (inlined)
                                  _PyEval_EvalFrameDefault
                                  _PyEval_EvalFrame (inlined)
                                  _PyEval_Vector
                                  _PyFunction_Vectorcall
                                  |          
                                   --0.85%--_PyObject_VectorcallTstate (inlined)
                                             PyObject_Vectorcall (inlined)
                                             call_function (inlined)
                                             _PyEval_EvalFrameDefault
                                             _PyEval_EvalFrame (inlined)
                                             _PyEval_Vector
                                             _PyFunction_Vectorcall
                                             |          
                                              --0.66%--_PyObject_VectorcallTstate (inlined)
                                                        PyObject_Vectorcall (inlined)
                                                        call_function (inlined)
                                                        _PyEval_EvalFrameDefault
                                                        _PyEval_EvalFrame (inlined)
                                                        _PyEval_Vector
 1.51%  ,libc.so.6    ,[.] pthread_getspecific@@GLIBC_2.34
            |
            ---___pthread_getspecific (inlined)
               PyThread_tss_get
               _PyGILState_GetThisThreadState
               PyGILState_Check
               |          
                --1.13%--_PyMem_DebugCheckGIL (inlined)
                          |          
                           --0.56%--_PyMem_DebugMalloc
 1.41%  ,python3.10d  ,[.] binary_op1
            |
            ---binary_op1
               |          
               |--0.66%--PyNumber_Multiply
               |          _PyEval_EvalFrameDefault
               |          _PyEval_EvalFrame (inlined)
               |          _PyEval_Vector
               |          _PyFunction_Vectorcall
               |          _PyObject_VectorcallTstate (inlined)
               |          PyObject_Vectorcall (inlined)
               |          call_function (inlined)
               |          _PyEval_EvalFrameDefault
               |          _PyEval_EvalFrame (inlined)
               |          _PyEval_Vector
               |          _PyFunction_Vectorcall
               |          _PyObject_VectorcallTstate (inlined)
               |          PyObject_Vectorcall (inlined)
               |          call_function (inlined)
               |          _PyEval_EvalFrameDefault
               |          _PyEval_EvalFrame (inlined)
               |          _PyEval_Vector
               |          _PyFunction_Vectorcall
               |          |          
               |           --0.56%--_PyObject_VectorcallTstate (inlined)
               |                     PyObject_Vectorcall (inlined)
               |                     call_function (inlined)
               |                     _PyEval_EvalFrameDefault
               |                     _PyEval_EvalFrame (inlined)
               |                     _PyEval_Vector
               |                     _PyFunction_Vectorcall
               |          
                --0.66%--binary_op
                          PyNumber_Subtract
                          _PyEval_EvalFrameDefault
                          _PyEval_EvalFrame (inlined)
                          _PyEval_Vector
                          _PyFunction_Vectorcall
                          _PyObject_VectorcallTstate (inlined)
 1.41%  ,python3.10d  ,[.] lookdict_unicode_nodummy
            |          
             --1.22%--lookdict_unicode_nodummy
                       |          
                        --1.03%--PyDict_Contains
                                  _PyDict_ContainsId
                                  _PyEval_EvalFrameDefault
                                  _PyEval_EvalFrame (inlined)
                                  _PyEval_Vector
                                  _PyFunction_Vectorcall
                                  |          
                                   --0.85%--_PyObject_VectorcallTstate (inlined)
                                             PyObject_Vectorcall (inlined)
                                             call_function (inlined)
                                             _PyEval_EvalFrameDefault
                                             _PyEval_EvalFrame (inlined)
                                             _PyEval_Vector
                                             _PyFunction_Vectorcall
                                             _PyObject_VectorcallTstate (inlined)
 1.32%  ,python3.10d  ,[.] _PyUnicode_FromId
            |          
             --1.22%--_PyUnicode_FromId
                       |          
                        --0.75%--_PyDict_ContainsId
                                  _PyEval_EvalFrameDefault
                                  _PyEval_EvalFrame (inlined)
                                  _PyEval_Vector
                                  _PyFunction_Vectorcall
                                  |          
                                   --0.56%--_PyObject_VectorcallTstate (inlined)
 1.22%  ,python3.10d  ,[.] PyObject_SetAttr
            |          
             --1.03%--PyObject_SetAttr
                       _PyEval_EvalFrameDefault
                       _PyEval_EvalFrame (inlined)
                       _PyEval_Vector
                       _PyFunction_Vectorcall
                       _PyObject_FastCallDictTstate
                       _PyObject_Call_Prepend
                       slot_tp_init
                       type_call (inlined)
                       _PyObject_MakeTpCall
                       _PyObject_VectorcallTstate (inlined)
                       PyObject_Vectorcall (inlined)
                       call_function (inlined)
                       _PyEval_EvalFrameDefault
                       _PyEval_EvalFrame (inlined)
                       _PyEval_Vector
                       _PyFunction_Vectorcall
                       _PyObject_VectorcallTstate (inlined)
                       |          
                        --0.75%--vectorcall_unbound (inlined)
                                  vectorcall_maybe (inlined)
                                  slot_nb_subtract
                                  binary_op1
                                  binary_op
                                  PyNumber_Subtract
                                  _PyEval_EvalFrameDefault
                                  _PyEval_EvalFrame (inlined)
                                  _PyEval_Vector
                                  _PyFunction_Vectorcall
                                  _PyObject_VectorcallTstate (inlined)
                                  PyObject_Vectorcall (inlined)
                                  call_function (inlined)
                                  _PyEval_EvalFrameDefault
                                  _PyEval_EvalFrame (inlined)
                                  _PyEval_Vector
                                  _PyFunction_Vectorcall
                                  _PyObject_VectorcallTstate (inlined)
                                  PyObject_Vectorcall (inlined)
                                  call_function (inlined)
                                  _PyEval_EvalFrameDefault
                                  _PyEval_EvalFrame (inlined)
                                  _PyEval_Vector
                                  _PyFunction_Vectorcall
                                  _PyObject_VectorcallTstate (inlined)
                                  PyObject_Vectorcall (inlined)
                                  call_function (inlined)
                                  _PyEval_EvalFrameDefault
                                  _PyEval_EvalFrame (inlined)
                                  _PyEval_Vector
                                  _PyFunction_Vectorcall
                                  _PyObject_VectorcallTstate (inlined)
                                  PyObject_Vectorcall (inlined)
                                  call_function (inlined)
                                  _PyEval_EvalFrameDefault
                                  _PyEval_EvalFrame (inlined)
                                  _PyEval_Vector
                                  _PyFunction_Vectorcall
                                  _PyObject_VectorcallTstate (inlined)
                                  PyObject_Vectorcall (inlined)
                                  call_function (inlined)
                                  _PyEval_EvalFrameDefault
                                  _PyEval_EvalFrame (inlined)
                                  _PyEval_Vector
                                  _PyFunction_Vectorcall
                                  _PyObject_VectorcallTstate (inlined)
                                  PyObject_Vectorcall (inlined)
                                  call_function (inlined)
                                  _PyEval_EvalFrameDefault
                                  _PyEval_EvalFrame (inlined)
                                  _PyEval_Vector
                                  |          
                                   --0.66%--_PyFunction_Vectorcall
                                             _PyObject_VectorcallTstate (inlined)
                                             PyObject_Vectorcall (inlined)
                                             call_function (inlined)
                                             _PyEval_EvalFrameDefault
                                             _PyEval_EvalFrame (inlined)
                                             _PyEval_Vector
                                             |          
                                              --0.56%--_PyFunction_Vectorcall
                                                        _PyObject_VectorcallTstate (inlined)
                                                        PyObject_Vectorcall (inlined)
                                                        call_function (inlined)
                                                        _PyEval_EvalFrameDefault
                                                        _PyEval_EvalFrame (inlined)
                                                        _PyEval_Vector
 1.22%  ,python3.10d  ,[.] _PyEval_Vector
            |          
             --0.94%--_PyEval_Vector
                       _PyFunction_Vectorcall
                       |          
                        --0.85%--_PyObject_VectorcallTstate (inlined)
                                  PyObject_Vectorcall (inlined)
                                  call_function (inlined)
                                  _PyEval_EvalFrameDefault
                                  _PyEval_EvalFrame (inlined)
                                  _PyEval_Vector
                                  _PyFunction_Vectorcall
                                  |          
                                   --0.75%--_PyObject_VectorcallTstate (inlined)
                                             |          
                                              --0.56%--PyObject_Vectorcall (inlined)
                                                        call_function (inlined)
                                                        _PyEval_EvalFrameDefault
                                                        _PyEval_EvalFrame (inlined)
                                                        _PyEval_Vector
                                                        _PyFunction_Vectorcall
 1.22%  ,python3.10d  ,[.] _PyMem_DebugCheckAddress
            |
            ---_PyMem_DebugCheckAddress
               |          
                --1.13%--_PyMem_DebugRawFree
                          _PyMem_DebugFree
                          |          
                           --0.85%--PyObject_Free
                                     |          
                                      --0.66%--PyObject_GC_Del
 1.13%  ,python3.10d  ,[.] float_mul.lto_priv.0
            |
            ---float_mul (inlined)
               binary_op1
               PyNumber_Multiply
               _PyEval_EvalFrameDefault
               _PyEval_EvalFrame (inlined)
               _PyEval_Vector
               _PyFunction_Vectorcall
               _PyObject_VectorcallTstate (inlined)
               PyObject_Vectorcall (inlined)
               call_function (inlined)
               _PyEval_EvalFrameDefault
               _PyEval_EvalFrame (inlined)
               _PyEval_Vector
               _PyFunction_Vectorcall
               _PyObject_VectorcallTstate (inlined)
               PyObject_Vectorcall (inlined)
               call_function (inlined)
               _PyEval_EvalFrameDefault
               _PyEval_EvalFrame (inlined)
               _PyEval_Vector
               _PyFunction_Vectorcall
               |          
                --0.85%--_PyObject_VectorcallTstate (inlined)
                          PyObject_Vectorcall (inlined)
                          call_function (inlined)
                          _PyEval_EvalFrameDefault
                          _PyEval_EvalFrame (inlined)
                          _PyEval_Vector
                          _PyFunction_Vectorcall
                          _PyObject_VectorcallTstate (inlined)
                          PyObject_Vectorcall (inlined)
                          call_function (inlined)
                          _PyEval_EvalFrameDefault
                          _PyEval_EvalFrame (inlined)
                          _PyEval_Vector
                          _PyFunction_Vectorcall
                          _PyObject_VectorcallTstate (inlined)
                          PyObject_Vectorcall (inlined)
                          call_function (inlined)
                          _PyEval_EvalFrameDefault
                          _PyEval_EvalFrame (inlined)
                          _PyEval_Vector
                          _PyFunction_Vectorcall
                          _PyObject_VectorcallTstate (inlined)
                          PyObject_Vectorcall (inlined)
                          call_function (inlined)
                          _PyEval_EvalFrameDefault
                          _PyEval_EvalFrame (inlined)
                          _PyEval_Vector
                          _PyFunction_Vectorcall
                          _PyObject_VectorcallTstate (inlined)
                          PyObject_Vectorcall (inlined)
                          call_function (inlined)
                          _PyEval_EvalFrameDefault
                          _PyEval_EvalFrame (inlined)
                          _PyEval_Vector
                          |          
                           --0.75%--_PyFunction_Vectorcall
                                     _PyObject_VectorcallTstate (inlined)
                                     PyObject_Vectorcall (inlined)
                                     call_function (inlined)
                                     _PyEval_EvalFrameDefault
                                     _PyEval_EvalFrame (inlined)
                                     _PyEval_Vector
                                     |          
                                      --0.56%--_PyFunction_Vectorcall
                                                _PyObject_VectorcallTstate (inlined)
                                                PyObject_Vectorcall (inlined)
                                                call_function (inlined)
                                                _PyEval_EvalFrameDefault
                                                _PyEval_EvalFrame (inlined)
                                                _PyEval_Vector
                                                _PyFunction_Vectorcall
                                                _PyObject_VectorcallTstate (inlined)
                                                PyObject_Vectorcall (inlined)
                                                call_function (inlined)
                                                _PyEval_EvalFrameDefault
                                                _PyEval_EvalFrame (inlined)
                                                _PyEval_Vector
 1.13%  ,python3.10d  ,[.] insertdict
            |          
             --0.85%--insertdict
                       PyDict_SetItem
                       _PyObjectDict_SetItem
                       _PyObject_GenericSetAttrWithDict
                       PyObject_GenericSetAttr
                       PyObject_SetAttr
                       _PyEval_EvalFrameDefault
                       _PyEval_EvalFrame (inlined)
                       _PyEval_Vector
                       _PyFunction_Vectorcall
                       _PyObject_FastCallDictTstate
                       _PyObject_Call_Prepend
                       slot_tp_init
                       type_call (inlined)
                       _PyObject_MakeTpCall
                       _PyObject_VectorcallTstate (inlined)
                       PyObject_Vectorcall (inlined)
                       call_function (inlined)
                       _PyEval_EvalFrameDefault
                       _PyEval_EvalFrame (inlined)
                       _PyEval_Vector
                       _PyFunction_Vectorcall
                       _PyObject_VectorcallTstate (inlined)
 1.03%  ,python3.10d  ,[.] _Py_CheckFunctionResult
            |
            ---_Py_CheckFunctionResult
               |          
                --0.75%--_PyObject_VectorcallTstate (inlined)
                          |          
                           --0.66%--PyObject_Vectorcall (inlined)
                                     call_function (inlined)
                                     _PyEval_EvalFrameDefault
                                     _PyEval_EvalFrame (inlined)
                                     _PyEval_Vector
                                     _PyFunction_Vectorcall
                                     _PyObject_VectorcallTstate (inlined)
                                     PyObject_Vectorcall (inlined)
                                     call_function (inlined)
                                     _PyEval_EvalFrameDefault
                                     _PyEval_EvalFrame (inlined)
                                     _PyEval_Vector
                                     _PyFunction_Vectorcall
                                     _PyObject_VectorcallTstate (inlined)
                                     PyObject_Vectorcall (inlined)
                                     call_function (inlined)
                                     _PyEval_EvalFrameDefault
                                     _PyEval_EvalFrame (inlined)
                                     _PyEval_Vector
                                     _PyFunction_Vectorcall
                                     _PyObject_VectorcallTstate (inlined)
                                     PyObject_Vectorcall (inlined)
                                     call_function (inlined)
                                     _PyEval_EvalFrameDefault
                                     _PyEval_EvalFrame (inlined)
                                     _PyEval_Vector
                                     _PyFunction_Vectorcall
                                     _PyObject_VectorcallTstate (inlined)
                                     PyObject_Vectorcall (inlined)
                                     call_function (inlined)
                                     _PyEval_EvalFrameDefault
                                     _PyEval_EvalFrame (inlined)
                                     _PyEval_Vector
                                     |          
                                      --0.56%--_PyFunction_Vectorcall
                                                _PyObject_VectorcallTstate (inlined)
                                                PyObject_Vectorcall (inlined)
                                                call_function (inlined)
                                                _PyEval_EvalFrameDefault
                                                _PyEval_EvalFrame (inlined)
                                                _PyEval_Vector
                                                _PyFunction_Vectorcall
                                                _PyObject_VectorcallTstate (inlined)
                                                PyObject_Vectorcall (inlined)
                                                call_function (inlined)
                                                _PyEval_EvalFrameDefault
                                                _PyEval_EvalFrame (inlined)
                                                _PyEval_Vector
                                                _PyFunction_Vectorcall
                                                _PyObject_VectorcallTstate (inlined)
                                                PyObject_Vectorcall (inlined)
                                                call_function (inlined)
                                                _PyEval_EvalFrameDefault
                                                _PyEval_EvalFrame (inlined)
                                                _PyEval_Vector
 0.94%  ,libc.so.6    ,[.] __memset_avx2_unaligned_erms
            |
            ---__memset_avx2_unaligned_erms
               memset (inlined)
               |          
                --0.75%--_PyMem_DebugRawFree
                          _PyMem_DebugFree
 0.94%  ,python3.10d  ,[.] _PyObject_Malloc
            |
            ---pymalloc_alloc (inlined)
               _PyObject_Malloc
               _PyMem_DebugRawAlloc
               |          
                --0.85%--_PyMem_DebugRawMalloc
                          _PyMem_DebugMalloc
 0.94%  ,python3.10d  ,[.] _PyTrash_begin
            |
            ---_PyTrash_begin
               |          
                --0.66%--frame_dealloc (inlined)
                          _Py_Dealloc
                          _Py_DECREF (inlined)
                          _PyEval_Vector
                          _PyFunction_Vectorcall
                          |          
                           --0.56%--_PyObject_VectorcallTstate (inlined)
 0.94%  ,python3.10d  ,[.] float_dealloc.lto_priv.0
            |          
             --0.85%--float_dealloc (inlined)
                       _Py_Dealloc
                       _Py_DECREF (inlined)
                       |          
                        --0.56%--_PyEval_EvalFrameDefault
                                  _PyEval_EvalFrame (inlined)
                                  _PyEval_Vector
                                  _PyFunction_Vectorcall
                                  _PyObject_VectorcallTstate (inlined)
                                  PyObject_Vectorcall (inlined)
                                  call_function (inlined)
                                  _PyEval_EvalFrameDefault
                                  _PyEval_EvalFrame (inlined)
                                  _PyEval_Vector
                                  _PyFunction_Vectorcall
                                  _PyObject_VectorcallTstate (inlined)
                                  PyObject_Vectorcall (inlined)
                                  call_function (inlined)
                                  _PyEval_EvalFrameDefault
                                  _PyEval_EvalFrame (inlined)
                                  _PyEval_Vector
                                  _PyFunction_Vectorcall
                                  _PyObject_VectorcallTstate (inlined)
                                  PyObject_Vectorcall (inlined)
                                  call_function (inlined)
                                  _PyEval_EvalFrameDefault
                                  _PyEval_EvalFrame (inlined)
                                  _PyEval_Vector
                                  _PyFunction_Vectorcall
 0.94%  ,python3.10d  ,[.] is_tstate_valid.lto_priv.0
            |          
             --0.75%--_PyMem_IsPtrFreed (inlined)
                       is_tstate_valid (inlined)
                       _PyEval_MakeFrameVector
                       _PyEval_Vector
                       _PyFunction_Vectorcall
                       |          
                        --0.56%--_PyObject_VectorcallTstate (inlined)
 0.94%  ,python3.10d  ,[.] subtype_dealloc.lto_priv.0
            |          
             --0.75%--subtype_dealloc (inlined)
                       _Py_Dealloc
                       _Py_DECREF (inlined)
 0.85%  ,python3.10d  ,[.] PyType_IsSubtype
            |
            ---PyType_IsSubtype
 0.75%  ,python3.10d  ,[.] PyGILState_Check
            |
            ---PyGILState_Check
 0.75%  ,python3.10d  ,[.] _PyFrame_New_NoTrack
 0.75%  ,python3.10d  ,[.] _Py_CheckSlotResult
            |          
             --0.66%--_Py_CheckSlotResult
                       binary_op1
 0.75%  ,python3.10d  ,[.] _Py_Dealloc
            |
            ---_Py_Dealloc
               _Py_DECREF (inlined)
 0.75%  ,python3.10d  ,[.] binary_op
            |
            ---binary_op
               |          
                --0.66%--PyNumber_Subtract
                          _PyEval_EvalFrameDefault
                          _PyEval_EvalFrame (inlined)
                          _PyEval_Vector
                          _PyFunction_Vectorcall
                          _PyObject_VectorcallTstate (inlined)
 0.75%  ,python3.10d  ,[.] dict_dealloc.lto_priv.0
            |          
             --0.56%--dict_dealloc (inlined)
                       _Py_Dealloc
                       _Py_DECREF (inlined)
                       subtype_dealloc (inlined)
                       _Py_Dealloc
                       _Py_DECREF (inlined)
 0.75%  ,python3.10d  ,[.] float_sub.lto_priv.0
 0.75%  ,python3.10d  ,[.] frame_alloc
            |
            ---frame_alloc
               _PyFrame_New_NoTrack
               _PyEval_MakeFrameVector
               _PyEval_Vector
               _PyFunction_Vectorcall
               _PyObject_VectorcallTstate (inlined)
 0.66%  ,python3.10d  ,[.] PyFloat_FromDouble
 0.66%  ,python3.10d  ,[.] _PyFunction_Vectorcall
            |
            ---_PyFunction_Vectorcall
               |          
                --0.56%--_PyObject_VectorcallTstate (inlined)
                          PyObject_Vectorcall (inlined)
                          call_function (inlined)
                          _PyEval_EvalFrameDefault
                          _PyEval_EvalFrame (inlined)
                          _PyEval_Vector
                          _PyFunction_Vectorcall
 0.66%  ,python3.10d  ,[.] _PyObjectDict_SetItem
            |          
             --0.56%--_PyObjectDict_SetItem
                       _PyObject_GenericSetAttrWithDict
                       PyObject_GenericSetAttr
                       PyObject_SetAttr
                       _PyEval_EvalFrameDefault
                       _PyEval_EvalFrame (inlined)
                       _PyEval_Vector
                       _PyFunction_Vectorcall
                       _PyObject_FastCallDictTstate
                       _PyObject_Call_Prepend
                       slot_tp_init
                       type_call (inlined)
                       _PyObject_MakeTpCall
                       _PyObject_VectorcallTstate (inlined)
                       PyObject_Vectorcall (inlined)
                       call_function (inlined)
                       _PyEval_EvalFrameDefault
                       _PyEval_EvalFrame (inlined)
                       _PyEval_Vector
                       _PyFunction_Vectorcall
                       _PyObject_VectorcallTstate (inlined)
 0.66%  ,python3.10d  ,[.] _PyTrash_cond
            |
            ---_PyTrash_cond
 0.66%  ,python3.10d  ,[.] _Py_NewReference
            |
            ---_Py_NewReference
               |          
                --0.56%--_PyObject_Init (inlined)
 0.66%  ,python3.10d  ,[.] read_size_t
            |
            ---read_size_t
 0.56%  ,python3.10d  ,[.] PyDict_GetItemWithError
            |
            ---PyDict_GetItemWithError
 0.56%  ,python3.10d  ,[.] PyDict_SetItem
            |
            ---PyDict_SetItem
               _PyObjectDict_SetItem
               _PyObject_GenericSetAttrWithDict
               PyObject_GenericSetAttr
               PyObject_SetAttr
               _PyEval_EvalFrameDefault
               _PyEval_EvalFrame (inlined)
               _PyEval_Vector
               _PyFunction_Vectorcall
               _PyObject_FastCallDictTstate
               _PyObject_Call_Prepend
               slot_tp_init
               type_call (inlined)
               _PyObject_MakeTpCall
               _PyObject_VectorcallTstate (inlined)
               PyObject_Vectorcall (inlined)
               call_function (inlined)
               _PyEval_EvalFrameDefault
               _PyEval_EvalFrame (inlined)
               _PyEval_Vector
               _PyFunction_Vectorcall
               _PyObject_VectorcallTstate (inlined)
 0.56%  ,python3.10d  ,[.] _PyDict_CheckConsistency
            |
            ---_PyDict_CheckConsistency
 0.56%  ,python3.10d  ,[.] float_add.lto_priv.0
 0.56%  ,python3.10d  ,[.] tupledealloc.lto_priv.0
 0.56%  ,python3.10d  ,[.] vectorcall_maybe.lto_priv.0
 0.47%  ,python3.10d  ,[.] _PyMem_DebugMalloc
 0.47%  ,python3.10d  ,[.] _PyObject_FastCallDictTstate
 0.47%  ,python3.10d  ,[.] _PyObject_Free
 0.47%  ,python3.10d  ,[.] _PyObject_GenericSetAttrWithDict
 0.47%  ,python3.10d  ,[.] _PyTuple_FromArray
 0.47%  ,python3.10d  ,[.] arena_map_get
 0.47%  ,python3.10d  ,[.] slot_nb_subtract
 0.47%  ,python3.10d  ,[.] tuple_alloc
 0.38%  ,python3.10d  ,[.] PyNumber_Multiply
 0.38%  ,python3.10d  ,[.] PyType_GenericAlloc
 0.38%  ,python3.10d  ,[.] _PyObject_MakeTpCall
 0.38%  ,python3.10d  ,[.] _PyTrash_end
 0.38%  ,python3.10d  ,[.] listiter_next.lto_priv.0
 0.38%  ,python3.10d  ,[.] lookdict_unicode
 0.38%  ,python3.10d  ,[.] new_dict
 0.38%  ,python3.10d  ,[.] type_call.lto_priv.0
 0.38%  ,python3.10d  ,[.] write_size_t
 0.28%  ,python3.10d  ,[.] PyNumber_Subtract
 0.28%  ,python3.10d  ,[.] PyThread_tss_get
 0.28%  ,python3.10d  ,[.] _PyGILState_GetThisThreadState
 0.28%  ,python3.10d  ,[.] _PyMem_DebugRawAlloc
 0.28%  ,python3.10d  ,[.] _PyObject_GC_Alloc
 0.28%  ,python3.10d  ,[.] _PyObject_GenericGetAttrWithDict
 0.28%  ,python3.10d  ,[.] _PyObject_VectorcallTstate.lto_priv.6
 0.28%  ,python3.10d  ,[.] _PyUnicode_CheckConsistency
 0.28%  ,python3.10d  ,[.] find_name_in_mro.lto_priv.0
 0.28%  ,python3.10d  ,[.] object_new.lto_priv.0
 0.28%  ,python3.10d  ,[.] slot_tp_init
 0.19%  ,libc.so.6    ,[.] __memmove_avx_unaligned_erms
 0.19%  ,python3.10d  ,[.] PyCallable_Check
 0.19%  ,python3.10d  ,[.] PyDict_Contains
 0.19%  ,python3.10d  ,[.] PyIter_Check
 0.19%  ,python3.10d  ,[.] PyLong_AsDouble
 0.19%  ,python3.10d  ,[.] PyObject_GC_UnTrack
 0.19%  ,python3.10d  ,[.] PyObject_GenericSetAttr
 0.19%  ,python3.10d  ,[.] PyThreadState_Get
 0.19%  ,python3.10d  ,[.] _PyMem_DebugRawFree
 0.19%  ,python3.10d  ,[.] _PyObject_Call_Prepend
 0.19%  ,python3.10d  ,[.] _PyObject_GetDictPtr
 0.19%  ,python3.10d  ,[.] _PyType_LookupId
 0.19%  ,python3.10d  ,[.] address_in_range
 0.19%  ,python3.10d  ,[.] arena_map_is_used
 0.19%  ,python3.10d  ,[.] cfunction_vectorcall_O.lto_priv.0
 0.19%  ,python3.10d  ,[.] float_div.lto_priv.0
 0.19%  ,python3.10d  ,[.] get_tuple_state
 0.19%  ,python3.10d  ,[.] object_dealloc.lto_priv.0
 0.19%  ,python3.10d  ,[.] pymalloc_pool_extend
 0.19%  ,python3.10d  ,[.] validate_list
 0.09%  ,libc.so.6    ,[.] __errno_location
 0.09%  ,libc.so.6    ,[.] __strlen_avx2
 0.09%  ,libm.so.6    ,[.] __sqrt
 0.09%  ,libm.so.6    ,[.] __sqrt_finite@GLIBC_2.15
 0.09%  ,python3.10d  ,[.] PyDict_SetDefault
 0.09%  ,python3.10d  ,[.] PyErr_Occurred
 0.09%  ,python3.10d  ,[.] PyErr_Restore
 0.09%  ,python3.10d  ,[.] PyFunction_NewWithQualName
 0.09%  ,python3.10d  ,[.] PyLong_AsSsize_t
 0.09%  ,python3.10d  ,[.] PyMem_Malloc
 0.09%  ,python3.10d  ,[.] PyNumber_Add
 0.09%  ,python3.10d  ,[.] PyObject_ClearWeakRefs
 0.09%  ,python3.10d  ,[.] PyObject_GC_Del
 0.09%  ,python3.10d  ,[.] PyObject_GenericGetAttr
 0.09%  ,python3.10d  ,[.] PyObject_GetAttr
 0.09%  ,python3.10d  ,[.] PyThread_tss_is_created
 0.09%  ,python3.10d  ,[.] PyTuple_New
 0.09%  ,python3.10d  ,[.] PyUnicode_InternInPlace
 0.09%  ,python3.10d  ,[.] _PyList_Extend
 0.09%  ,python3.10d  ,[.] _PyLong_New
 0.09%  ,python3.10d  ,[.] _PyMem_DebugFree
 0.09%  ,python3.10d  ,[.] _PyMem_DebugRawMalloc
 0.09%  ,python3.10d  ,[.] _PyNumber_Index
 0.09%  ,python3.10d  ,[.] _PyPegen_collect_call_seqs
 0.09%  ,python3.10d  ,[.] _PyPegen_is_memoized
 0.09%  ,python3.10d  ,[.] cleanreturn
 0.09%  ,python3.10d  ,[.] convert_to_double
 0.09%  ,python3.10d  ,[.] descr_check.lto_priv.0
 0.09%  ,python3.10d  ,[.] float_richcompare.lto_priv.0
 0.09%  ,python3.10d  ,[.] func_clear.lto_priv.0
 0.09%  ,python3.10d  ,[.] get_dict_state
 0.09%  ,python3.10d  ,[.] get_float_state
 0.09%  ,python3.10d  ,[.] get_gc_state
 0.09%  ,python3.10d  ,[.] get_small_int.lto_priv.0
 0.09%  ,python3.10d  ,[.] get_type_cache.lto_priv.0
 0.09%  ,python3.10d  ,[.] inherit_slots
 0.09%  ,python3.10d  ,[.] list_dealloc.lto_priv.0
 0.09%  ,python3.10d  ,[.] list_resize
 0.09%  ,python3.10d  ,[.] lookup_method.lto_priv.0
 0.09%  ,python3.10d  ,[.] math_1_to_whatever
 0.09%  ,python3.10d  ,[.] new_dict_with_shared_keys.lto_priv.0
 0.09%  ,python3.10d  ,[.] object_init.lto_priv.0
 0.09%  ,python3.10d  ,[.] resolve_slotdups
 0.09%  ,python3.10d  ,[.] symtable_visit_expr
 0.09%  ,python3.10d  ,[.] tuple_get_empty
 0.09%  ,python3.10d  ,[.] tupleitem.lto_priv.0
 0.09%  ,python3.10d  ,[.] tupleiter_next.lto_priv.0
 0.09%  ,python3.10d  ,[.] tuplesubscript.lto_priv.0
 0.09%  ,python3.10d  ,[.] untrack_dicts
 0.09%  ,python3.10d  ,[.] untrack_tuples
 0.09%  ,python3.10d  ,[.] vgetargs1_impl
 0.09%  ,python3.10d  ,[.] with_item_rule.lto_priv.0
 0.09%  ,python3.10d  ,[.] 0x0000000000022280
 0.09%  ,python3.10d  ,[.] 0x0000000000022670
 0.09%  ,[unknown]    ,[k] 0xffffffff93f706b7
 0.09%  ,[unknown]    ,[k] 0xffffffff940d9236
 0.09%  ,[unknown]    ,[k] 0xffffffff940dd724
 0.09%  ,[unknown]    ,[k] 0xffffffff940dea4d
 0.09%  ,[unknown]    ,[k] 0xffffffff942af931
