 26.27% ,python3.10d         ,[.] _PyEval_EvalFrameDefault
            |          
            |--21.85%--_PyEval_EvalFrameDefault
            |          _PyEval_EvalFrame (inlined)
            |          _PyEval_Vector
            |          _PyFunction_Vectorcall
            |          |          
            |          |--18.08%--_PyObject_VectorcallTstate (inlined)
            |          |          |          
            |          |          |--14.88%--PyObject_Vectorcall (inlined)
            |          |          |          call_function (inlined)
            |          |          |          _PyEval_EvalFrameDefault
            |          |          |          _PyEval_EvalFrame (inlined)
            |          |          |          _PyEval_Vector
            |          |          |          _PyFunction_Vectorcall
            |          |          |          |          
            |          |          |           --14.69%--_PyObject_VectorcallTstate (inlined)
            |          |          |                     |          
            |          |          |                     |--14.03%--PyObject_Vectorcall (inlined)
            |          |          |                     |          call_function (inlined)
            |          |          |                     |          _PyEval_EvalFrameDefault
            |          |          |                     |          _PyEval_EvalFrame (inlined)
            |          |          |                     |          _PyEval_Vector
            |          |          |                     |          _PyFunction_Vectorcall
            |          |          |                     |          |          
            |          |          |                     |          |--12.52%--_PyObject_VectorcallTstate (inlined)
            |          |          |                     |          |          |          
            |          |          |                     |          |           --12.43%--PyObject_Vectorcall (inlined)
            |          |          |                     |          |                     call_function (inlined)
            |          |          |                     |          |                     _PyEval_EvalFrameDefault
            |          |          |                     |          |                     _PyEval_EvalFrame (inlined)
            |          |          |                     |          |                     _PyEval_Vector
            |          |          |                     |          |                     _PyFunction_Vectorcall
            |          |          |                     |          |                     |          
            |          |          |                     |          |                     |--11.68%--_PyObject_VectorcallTstate (inlined)
            |          |          |                     |          |                     |          PyObject_Vectorcall (inlined)
            |          |          |                     |          |                     |          call_function (inlined)
            |          |          |                     |          |                     |          _PyEval_EvalFrameDefault
            |          |          |                     |          |                     |          _PyEval_EvalFrame (inlined)
            |          |          |                     |          |                     |          _PyEval_Vector
            |          |          |                     |          |                     |          |          
            |          |          |                     |          |                     |           --11.49%--_PyFunction_Vectorcall
            |          |          |                     |          |                     |                     _PyObject_VectorcallTstate (inlined)
            |          |          |                     |          |                     |                     PyObject_Vectorcall (inlined)
            |          |          |                     |          |                     |                     call_function (inlined)
            |          |          |                     |          |                     |                     _PyEval_EvalFrameDefault
            |          |          |                     |          |                     |                     _PyEval_EvalFrame (inlined)
            |          |          |                     |          |                     |                     _PyEval_Vector
            |          |          |                     |          |                     |                     |          
            |          |          |                     |          |                     |                      --11.02%--_PyFunction_Vectorcall
            |          |          |                     |          |                     |                                _PyObject_VectorcallTstate (inlined)
            |          |          |                     |          |                     |                                PyObject_Vectorcall (inlined)
            |          |          |                     |          |                     |                                call_function (inlined)
            |          |          |                     |          |                     |                                _PyEval_EvalFrameDefault
            |          |          |                     |          |                     |                                _PyEval_EvalFrame (inlined)
            |          |          |                     |          |                     |                                _PyEval_Vector
            |          |          |                     |          |                     |                                |          
            |          |          |                     |          |                     |                                |--9.79%--_PyFunction_Vectorcall
            |          |          |                     |          |                     |                                |          _PyObject_VectorcallTstate (inlined)
            |          |          |                     |          |                     |                                |          PyObject_Vectorcall (inlined)
            |          |          |                     |          |                     |                                |          call_function (inlined)
            |          |          |                     |          |                     |                                |          _PyEval_EvalFrameDefault
            |          |          |                     |          |                     |                                |          _PyEval_EvalFrame (inlined)
            |          |          |                     |          |                     |                                |          _PyEval_Vector
            |          |          |                     |          |                     |                                |          |          
            |          |          |                     |          |                     |                                |          |--7.72%--_PyFunction_Vectorcall
            |          |          |                     |          |                     |                                |          |          _PyObject_VectorcallTstate (inlined)
            |          |          |                     |          |                     |                                |          |          PyObject_Vectorcall (inlined)
            |          |          |                     |          |                     |                                |          |          call_function (inlined)
            |          |          |                     |          |                     |                                |          |          _PyEval_EvalFrameDefault
            |          |          |                     |          |                     |                                |          |          _PyEval_EvalFrame (inlined)
            |          |          |                     |          |                     |                                |          |          _PyEval_Vector
            |          |          |                     |          |                     |                                |          |          |          
            |          |          |                     |          |                     |                                |          |          |--5.65%--_PyFunction_Vectorcall
            |          |          |                     |          |                     |                                |          |          |          _PyObject_VectorcallTstate (inlined)
            |          |          |                     |          |                     |                                |          |          |          PyObject_Vectorcall (inlined)
            |          |          |                     |          |                     |                                |          |          |          call_function (inlined)
            |          |          |                     |          |                     |                                |          |          |          _PyEval_EvalFrameDefault
            |          |          |                     |          |                     |                                |          |          |          _PyEval_EvalFrame (inlined)
            |          |          |                     |          |                     |                                |          |          |          _PyEval_Vector
            |          |          |                     |          |                     |                                |          |          |          |          
            |          |          |                     |          |                     |                                |          |          |          |--3.95%--_PyFunction_Vectorcall
            |          |          |                     |          |                     |                                |          |          |          |          _PyObject_VectorcallTstate (inlined)
            |          |          |                     |          |                     |                                |          |          |          |          PyObject_Vectorcall (inlined)
            |          |          |                     |          |                     |                                |          |          |          |          call_function (inlined)
            |          |          |                     |          |                     |                                |          |          |          |          _PyEval_EvalFrameDefault
            |          |          |                     |          |                     |                                |          |          |          |          _PyEval_EvalFrame (inlined)
            |          |          |                     |          |                     |                                |          |          |          |          _PyEval_Vector
            |          |          |                     |          |                     |                                |          |          |          |          |          
            |          |          |                     |          |                     |                                |          |          |          |          |--2.64%--PyEval_EvalCode
            |          |          |                     |          |                     |                                |          |          |          |          |          run_eval_code_obj
            |          |          |                     |          |                     |                                |          |          |          |          |          run_mod
            |          |          |                     |          |                     |                                |          |          |          |          |          pyrun_file
            |          |          |                     |          |                     |                                |          |          |          |          |          _PyRun_SimpleFileObject
            |          |          |                     |          |                     |                                |          |          |          |          |          _PyRun_AnyFileObject
            |          |          |                     |          |                     |                                |          |          |          |          |          pymain_run_file_obj
            |          |          |                     |          |                     |                                |          |          |          |          |          pymain_run_file
            |          |          |                     |          |                     |                                |          |          |          |          |          pymain_run_python
            |          |          |                     |          |                     |                                |          |          |          |          |          Py_RunMain
            |          |          |                     |          |                     |                                |          |          |          |          |          pymain_main
            |          |          |                     |          |                     |                                |          |          |          |          |          Py_BytesMain
            |          |          |                     |          |                     |                                |          |          |          |          |          main
            |          |          |                     |          |                     |                                |          |          |          |          |          __libc_start_call_main
            |          |          |                     |          |                     |                                |          |          |          |          |          __libc_start_main_impl (inlined)
            |          |          |                     |          |                     |                                |          |          |          |          |          _start
            |          |          |                     |          |                     |                                |          |          |          |          |          
            |          |          |                     |          |                     |                                |          |          |          |           --1.32%--_PyFunction_Vectorcall
            |          |          |                     |          |                     |                                |          |          |          |                     _PyObject_VectorcallTstate (inlined)
            |          |          |                     |          |                     |                                |          |          |          |                     PyObject_Vectorcall (inlined)
            |          |          |                     |          |                     |                                |          |          |          |                     call_function (inlined)
            |          |          |                     |          |                     |                                |          |          |          |                     _PyEval_EvalFrameDefault
            |          |          |                     |          |                     |                                |          |          |          |                     _PyEval_EvalFrame (inlined)
            |          |          |                     |          |                     |                                |          |          |          |                     _PyEval_Vector
            |          |          |                     |          |                     |                                |          |          |          |                     |          
            |          |          |                     |          |                     |                                |          |          |          |                     |--0.75%--_PyFunction_Vectorcall
            |          |          |                     |          |                     |                                |          |          |          |                     |          _PyObject_VectorcallTstate (inlined)
            |          |          |                     |          |                     |                                |          |          |          |                     |          PyObject_Vectorcall (inlined)
            |          |          |                     |          |                     |                                |          |          |          |                     |          call_function (inlined)
            |          |          |                     |          |                     |                                |          |          |          |                     |          _PyEval_EvalFrameDefault
            |          |          |                     |          |                     |                                |          |          |          |                     |          _PyEval_EvalFrame (inlined)
            |          |          |                     |          |                     |                                |          |          |          |                     |          _PyEval_Vector
            |          |          |                     |          |                     |                                |          |          |          |                     |          
            |          |          |                     |          |                     |                                |          |          |          |                      --0.56%--PyEval_EvalCode
            |          |          |                     |          |                     |                                |          |          |          |                                run_eval_code_obj
            |          |          |                     |          |                     |                                |          |          |          |                                run_mod
            |          |          |                     |          |                     |                                |          |          |          |                                pyrun_file
            |          |          |                     |          |                     |                                |          |          |          |                                _PyRun_SimpleFileObject
            |          |          |                     |          |                     |                                |          |          |          |                                _PyRun_AnyFileObject
            |          |          |                     |          |                     |                                |          |          |          |                                pymain_run_file_obj
            |          |          |                     |          |                     |                                |          |          |          |                                pymain_run_file
            |          |          |                     |          |                     |                                |          |          |          |                                pymain_run_python
            |          |          |                     |          |                     |                                |          |          |          |                                Py_RunMain
            |          |          |                     |          |                     |                                |          |          |          |                                pymain_main
            |          |          |                     |          |                     |                                |          |          |          |                                Py_BytesMain
            |          |          |                     |          |                     |                                |          |          |          |                                main
            |          |          |                     |          |                     |                                |          |          |          |                                __libc_start_call_main
            |          |          |                     |          |                     |                                |          |          |          |                                __libc_start_main_impl (inlined)
            |          |          |                     |          |                     |                                |          |          |          |                                _start
            |          |          |                     |          |                     |                                |          |          |          |          
            |          |          |                     |          |                     |                                |          |          |           --1.69%--PyEval_EvalCode
            |          |          |                     |          |                     |                                |          |          |                     run_eval_code_obj
            |          |          |                     |          |                     |                                |          |          |                     run_mod
            |          |          |                     |          |                     |                                |          |          |                     pyrun_file
            |          |          |                     |          |                     |                                |          |          |                     _PyRun_SimpleFileObject
            |          |          |                     |          |                     |                                |          |          |                     _PyRun_AnyFileObject
            |          |          |                     |          |                     |                                |          |          |                     pymain_run_file_obj
            |          |          |                     |          |                     |                                |          |          |                     pymain_run_file
            |          |          |                     |          |                     |                                |          |          |                     pymain_run_python
            |          |          |                     |          |                     |                                |          |          |                     Py_RunMain
            |          |          |                     |          |                     |                                |          |          |                     pymain_main
            |          |          |                     |          |                     |                                |          |          |                     Py_BytesMain
            |          |          |                     |          |                     |                                |          |          |                     main
            |          |          |                     |          |                     |                                |          |          |                     __libc_start_call_main
            |          |          |                     |          |                     |                                |          |          |                     __libc_start_main_impl (inlined)
            |          |          |                     |          |                     |                                |          |          |                     _start
            |          |          |                     |          |                     |                                |          |          |          
            |          |          |                     |          |                     |                                |          |           --2.07%--PyEval_EvalCode
            |          |          |                     |          |                     |                                |          |                     run_eval_code_obj
            |          |          |                     |          |                     |                                |          |                     run_mod
            |          |          |                     |          |                     |                                |          |                     pyrun_file
            |          |          |                     |          |                     |                                |          |                     _PyRun_SimpleFileObject
            |          |          |                     |          |                     |                                |          |                     _PyRun_AnyFileObject
            |          |          |                     |          |                     |                                |          |                     pymain_run_file_obj
            |          |          |                     |          |                     |                                |          |                     pymain_run_file
            |          |          |                     |          |                     |                                |          |                     pymain_run_python
            |          |          |                     |          |                     |                                |          |                     Py_RunMain
            |          |          |                     |          |                     |                                |          |                     pymain_main
            |          |          |                     |          |                     |                                |          |                     Py_BytesMain
            |          |          |                     |          |                     |                                |          |                     main
            |          |          |                     |          |                     |                                |          |                     __libc_start_call_main
            |          |          |                     |          |                     |                                |          |                     __libc_start_main_impl (inlined)
            |          |          |                     |          |                     |                                |          |                     _start
            |          |          |                     |          |                     |                                |          |          
            |          |          |                     |          |                     |                                |           --2.07%--PyEval_EvalCode
            |          |          |                     |          |                     |                                |                     run_eval_code_obj
            |          |          |                     |          |                     |                                |                     run_mod
            |          |          |                     |          |                     |                                |                     pyrun_file
            |          |          |                     |          |                     |                                |                     _PyRun_SimpleFileObject
            |          |          |                     |          |                     |                                |                     _PyRun_AnyFileObject
            |          |          |                     |          |                     |                                |                     pymain_run_file_obj
            |          |          |                     |          |                     |                                |                     pymain_run_file
            |          |          |                     |          |                     |                                |                     pymain_run_python
            |          |          |                     |          |                     |                                |                     Py_RunMain
            |          |          |                     |          |                     |                                |                     pymain_main
            |          |          |                     |          |                     |                                |                     Py_BytesMain
            |          |          |                     |          |                     |                                |                     main
            |          |          |                     |          |                     |                                |                     __libc_start_call_main
            |          |          |                     |          |                     |                                |                     __libc_start_main_impl (inlined)
            |          |          |                     |          |                     |                                |                     _start
            |          |          |                     |          |                     |                                |          
            |          |          |                     |          |                     |                                 --1.22%--PyEval_EvalCode
            |          |          |                     |          |                     |                                           run_eval_code_obj
            |          |          |                     |          |                     |                                           run_mod
            |          |          |                     |          |                     |                                           pyrun_file
            |          |          |                     |          |                     |                                           _PyRun_SimpleFileObject
            |          |          |                     |          |                     |                                           _PyRun_AnyFileObject
            |          |          |                     |          |                     |                                           pymain_run_file_obj
            |          |          |                     |          |                     |                                           pymain_run_file
            |          |          |                     |          |                     |                                           pymain_run_python
            |          |          |                     |          |                     |                                           Py_RunMain
            |          |          |                     |          |                     |                                           pymain_main
            |          |          |                     |          |                     |                                           Py_BytesMain
            |          |          |                     |          |                     |                                           main
            |          |          |                     |          |                     |                                           __libc_start_call_main
            |          |          |                     |          |                     |                                           __libc_start_main_impl (inlined)
            |          |          |                     |          |                     |                                           _start
            |          |          |                     |          |                     |          
            |          |          |                     |          |                      --0.75%--_PyObject_FastCallDictTstate
            |          |          |                     |          |                                _PyObject_Call_Prepend
            |          |          |                     |          |                                slot_tp_init
            |          |          |                     |          |                                type_call (inlined)
            |          |          |                     |          |                                _PyObject_MakeTpCall
            |          |          |                     |          |                                _PyObject_VectorcallTstate (inlined)
            |          |          |                     |          |                                PyObject_Vectorcall (inlined)
            |          |          |                     |          |                                call_function (inlined)
            |          |          |                     |          |                                _PyEval_EvalFrameDefault
            |          |          |                     |          |                                _PyEval_EvalFrame (inlined)
            |          |          |                     |          |                                _PyEval_Vector
            |          |          |                     |          |                                _PyFunction_Vectorcall
            |          |          |                     |          |                                _PyObject_VectorcallTstate (inlined)
            |          |          |                     |          |                                PyObject_Vectorcall (inlined)
            |          |          |                     |          |                                call_function (inlined)
            |          |          |                     |          |                                _PyEval_EvalFrameDefault
            |          |          |                     |          |                                _PyEval_EvalFrame (inlined)
            |          |          |                     |          |                                _PyEval_Vector
            |          |          |                     |          |                                _PyFunction_Vectorcall
            |          |          |                     |          |                                _PyObject_VectorcallTstate (inlined)
            |          |          |                     |          |                                PyObject_Vectorcall (inlined)
            |          |          |                     |          |                                call_function (inlined)
            |          |          |                     |          |                                _PyEval_EvalFrameDefault
            |          |          |                     |          |                                _PyEval_EvalFrame (inlined)
            |          |          |                     |          |                                _PyEval_Vector
            |          |          |                     |          |                                _PyFunction_Vectorcall
            |          |          |                     |          |                                _PyObject_VectorcallTstate (inlined)
            |          |          |                     |          |                                PyObject_Vectorcall (inlined)
            |          |          |                     |          |                                call_function (inlined)
            |          |          |                     |          |                                _PyEval_EvalFrameDefault
            |          |          |                     |          |                                _PyEval_EvalFrame (inlined)
            |          |          |                     |          |                                _PyEval_Vector
            |          |          |                     |          |                                _PyFunction_Vectorcall
            |          |          |                     |          |                                _PyObject_VectorcallTstate (inlined)
            |          |          |                     |          |                                PyObject_Vectorcall (inlined)
            |          |          |                     |          |                                call_function (inlined)
            |          |          |                     |          |                                _PyEval_EvalFrameDefault
            |          |          |                     |          |                                _PyEval_EvalFrame (inlined)
            |          |          |                     |          |                                _PyEval_Vector
            |          |          |                     |          |                                |          
            |          |          |                     |          |                                 --0.56%--_PyFunction_Vectorcall
            |          |          |                     |          |                                           _PyObject_VectorcallTstate (inlined)
            |          |          |                     |          |                                           PyObject_Vectorcall (inlined)
            |          |          |                     |          |                                           call_function (inlined)
            |          |          |                     |          |                                           _PyEval_EvalFrameDefault
            |          |          |                     |          |                                           _PyEval_EvalFrame (inlined)
            |          |          |                     |          |                                           _PyEval_Vector
            |          |          |                     |          |                                           _PyFunction_Vectorcall
            |          |          |                     |          |                                           _PyObject_VectorcallTstate (inlined)
            |          |          |                     |          |                                           PyObject_Vectorcall (inlined)
            |          |          |                     |          |                                           call_function (inlined)
            |          |          |                     |          |                                           _PyEval_EvalFrameDefault
            |          |          |                     |          |                                           _PyEval_EvalFrame (inlined)
            |          |          |                     |          |                                           _PyEval_Vector
            |          |          |                     |          |                                           _PyFunction_Vectorcall
            |          |          |                     |          |                                           _PyObject_VectorcallTstate (inlined)
            |          |          |                     |          |                                           PyObject_Vectorcall (inlined)
            |          |          |                     |          |                                           call_function (inlined)
            |          |          |                     |          |                                           _PyEval_EvalFrameDefault
            |          |          |                     |          |                                           _PyEval_EvalFrame (inlined)
            |          |          |                     |          |                                           _PyEval_Vector
            |          |          |                     |          |                                           _PyFunction_Vectorcall
            |          |          |                     |          |                                           _PyObject_VectorcallTstate (inlined)
            |          |          |                     |          |                                           PyObject_Vectorcall (inlined)
            |          |          |                     |          |                                           call_function (inlined)
            |          |          |                     |          |                                           _PyEval_EvalFrameDefault
            |          |          |                     |          |                                           _PyEval_EvalFrame (inlined)
            |          |          |                     |          |                                           _PyEval_Vector
            |          |          |                     |          |          
            |          |          |                     |           --1.51%--_PyObject_FastCallDictTstate
            |          |          |                     |                     _PyObject_Call_Prepend
            |          |          |                     |                     slot_tp_init
            |          |          |                     |                     type_call (inlined)
            |          |          |                     |                     _PyObject_MakeTpCall
            |          |          |                     |                     _PyObject_VectorcallTstate (inlined)
            |          |          |                     |                     PyObject_Vectorcall (inlined)
            |          |          |                     |                     call_function (inlined)
            |          |          |                     |                     _PyEval_EvalFrameDefault
            |          |          |                     |                     _PyEval_EvalFrame (inlined)
            |          |          |                     |                     _PyEval_Vector
            |          |          |                     |                     _PyFunction_Vectorcall
            |          |          |                     |                     _PyObject_VectorcallTstate (inlined)
            |          |          |                     |                     PyObject_Vectorcall (inlined)
            |          |          |                     |                     call_function (inlined)
            |          |          |                     |                     _PyEval_EvalFrameDefault
            |          |          |                     |                     _PyEval_EvalFrame (inlined)
            |          |          |                     |                     _PyEval_Vector
            |          |          |                     |                     _PyFunction_Vectorcall
            |          |          |                     |                     _PyObject_VectorcallTstate (inlined)
            |          |          |                     |                     PyObject_Vectorcall (inlined)
            |          |          |                     |                     call_function (inlined)
            |          |          |                     |                     _PyEval_EvalFrameDefault
            |          |          |                     |                     _PyEval_EvalFrame (inlined)
            |          |          |                     |                     _PyEval_Vector
            |          |          |                     |                     _PyFunction_Vectorcall
            |          |          |                     |                     _PyObject_VectorcallTstate (inlined)
            |          |          |                     |                     PyObject_Vectorcall (inlined)
            |          |          |                     |                     call_function (inlined)
            |          |          |                     |                     _PyEval_EvalFrameDefault
            |          |          |                     |                     _PyEval_EvalFrame (inlined)
            |          |          |                     |                     _PyEval_Vector
            |          |          |                     |                     _PyFunction_Vectorcall
            |          |          |                     |                     _PyObject_VectorcallTstate (inlined)
            |          |          |                     |                     PyObject_Vectorcall (inlined)
            |          |          |                     |                     call_function (inlined)
            |          |          |                     |                     _PyEval_EvalFrameDefault
            |          |          |                     |                     _PyEval_EvalFrame (inlined)
            |          |          |                     |                     _PyEval_Vector
            |          |          |                     |                     |          
            |          |          |                     |                      --1.41%--_PyFunction_Vectorcall
            |          |          |                     |                                _PyObject_VectorcallTstate (inlined)
            |          |          |                     |                                PyObject_Vectorcall (inlined)
            |          |          |                     |                                call_function (inlined)
            |          |          |                     |                                _PyEval_EvalFrameDefault
            |          |          |                     |                                _PyEval_EvalFrame (inlined)
            |          |          |                     |                                _PyEval_Vector
            |          |          |                     |                                _PyFunction_Vectorcall
            |          |          |                     |                                _PyObject_VectorcallTstate (inlined)
            |          |          |                     |                                PyObject_Vectorcall (inlined)
            |          |          |                     |                                call_function (inlined)
            |          |          |                     |                                _PyEval_EvalFrameDefault
            |          |          |                     |                                _PyEval_EvalFrame (inlined)
            |          |          |                     |                                _PyEval_Vector
            |          |          |                     |                                |          
            |          |          |                     |                                 --1.32%--_PyFunction_Vectorcall
            |          |          |                     |                                           _PyObject_VectorcallTstate (inlined)
            |          |          |                     |                                           PyObject_Vectorcall (inlined)
            |          |          |                     |                                           call_function (inlined)
            |          |          |                     |                                           _PyEval_EvalFrameDefault
            |          |          |                     |                                           _PyEval_EvalFrame (inlined)
            |          |          |                     |                                           _PyEval_Vector
            |          |          |                     |                                           _PyFunction_Vectorcall
            |          |          |                     |                                           _PyObject_VectorcallTstate (inlined)
            |          |          |                     |                                           PyObject_Vectorcall (inlined)
            |          |          |                     |                                           call_function (inlined)
            |          |          |                     |                                           _PyEval_EvalFrameDefault
            |          |          |                     |                                           _PyEval_EvalFrame (inlined)
            |          |          |                     |                                           _PyEval_Vector
            |          |          |                     |                                           |          
            |          |          |                     |                                            --0.94%--PyEval_EvalCode
            |          |          |                     |                                                      run_eval_code_obj
            |          |          |                     |                                                      run_mod
            |          |          |                     |                                                      pyrun_file
            |          |          |                     |                                                      _PyRun_SimpleFileObject
            |          |          |                     |                                                      _PyRun_AnyFileObject
            |          |          |                     |                                                      pymain_run_file_obj
            |          |          |                     |                                                      pymain_run_file
            |          |          |                     |                                                      pymain_run_python
            |          |          |                     |                                                      Py_RunMain
            |          |          |                     |                                                      pymain_main
            |          |          |                     |                                                      Py_BytesMain
            |          |          |                     |                                                      main
            |          |          |                     |                                                      __libc_start_call_main
            |          |          |                     |                                                      __libc_start_main_impl (inlined)
            |          |          |                     |                                                      _start
            |          |          |                     |          
            |          |          |                      --0.56%--vectorcall_unbound (inlined)
            |          |          |                                vectorcall_maybe (inlined)
            |          |          |                                slot_nb_subtract
            |          |          |                                binary_op1
            |          |          |                                binary_op
            |          |          |                                PyNumber_Subtract
            |          |          |                                _PyEval_EvalFrameDefault
            |          |          |                                _PyEval_EvalFrame (inlined)
            |          |          |                                _PyEval_Vector
            |          |          |                                _PyFunction_Vectorcall
            |          |          |                                _PyObject_VectorcallTstate (inlined)
            |          |          |                                PyObject_Vectorcall (inlined)
            |          |          |                                call_function (inlined)
            |          |          |                                _PyEval_EvalFrameDefault
            |          |          |                                _PyEval_EvalFrame (inlined)
            |          |          |                                _PyEval_Vector
            |          |          |                                _PyFunction_Vectorcall
            |          |          |                                _PyObject_VectorcallTstate (inlined)
            |          |          |                                PyObject_Vectorcall (inlined)
            |          |          |                                call_function (inlined)
            |          |          |                                _PyEval_EvalFrameDefault
            |          |          |                                _PyEval_EvalFrame (inlined)
            |          |          |                                _PyEval_Vector
            |          |          |                                _PyFunction_Vectorcall
            |          |          |                                _PyObject_VectorcallTstate (inlined)
            |          |          |                                PyObject_Vectorcall (inlined)
            |          |          |                                call_function (inlined)
            |          |          |                                _PyEval_EvalFrameDefault
            |          |          |                                _PyEval_EvalFrame (inlined)
            |          |          |                                _PyEval_Vector
            |          |          |                                _PyFunction_Vectorcall
            |          |          |                                _PyObject_VectorcallTstate (inlined)
            |          |          |                                PyObject_Vectorcall (inlined)
            |          |          |                                call_function (inlined)
            |          |          |                                _PyEval_EvalFrameDefault
            |          |          |                                _PyEval_EvalFrame (inlined)
            |          |          |                                _PyEval_Vector
            |          |          |                                _PyFunction_Vectorcall
            |          |          |                                _PyObject_VectorcallTstate (inlined)
            |          |          |                                PyObject_Vectorcall (inlined)
            |          |          |                                call_function (inlined)
            |          |          |                                _PyEval_EvalFrameDefault
            |          |          |                                _PyEval_EvalFrame (inlined)
            |          |          |                                _PyEval_Vector
            |          |          |                                _PyFunction_Vectorcall
            |          |          |                                _PyObject_VectorcallTstate (inlined)
            |          |          |                                PyObject_Vectorcall (inlined)
            |          |          |                                call_function (inlined)
            |          |          |                                _PyEval_EvalFrameDefault
            |          |          |                                _PyEval_EvalFrame (inlined)
            |          |          |                                _PyEval_Vector
            |          |          |                                _PyFunction_Vectorcall
            |          |          |                                _PyObject_VectorcallTstate (inlined)
            |          |          |                                PyObject_Vectorcall (inlined)
            |          |          |                                call_function (inlined)
            |          |          |                                _PyEval_EvalFrameDefault
            |          |          |                                _PyEval_EvalFrame (inlined)
            |          |          |                                _PyEval_Vector
            |          |          |          
            |          |           --2.82%--vectorcall_unbound (inlined)
            |          |                     vectorcall_maybe (inlined)
            |          |                     |          
            |          |                      --2.54%--slot_nb_subtract
            |          |                                binary_op1
            |          |                                binary_op
            |          |                                PyNumber_Subtract
            |          |                                _PyEval_EvalFrameDefault
            |          |                                _PyEval_EvalFrame (inlined)
            |          |                                _PyEval_Vector
            |          |                                _PyFunction_Vectorcall
            |          |                                _PyObject_VectorcallTstate (inlined)
            |          |                                PyObject_Vectorcall (inlined)
            |          |                                call_function (inlined)
            |          |                                _PyEval_EvalFrameDefault
            |          |                                _PyEval_EvalFrame (inlined)
            |          |                                _PyEval_Vector
            |          |                                _PyFunction_Vectorcall
            |          |                                _PyObject_VectorcallTstate (inlined)
            |          |                                PyObject_Vectorcall (inlined)
            |          |                                call_function (inlined)
            |          |                                _PyEval_EvalFrameDefault
            |          |                                _PyEval_EvalFrame (inlined)
            |          |                                _PyEval_Vector
            |          |                                _PyFunction_Vectorcall
            |          |                                _PyObject_VectorcallTstate (inlined)
            |          |                                PyObject_Vectorcall (inlined)
            |          |                                call_function (inlined)
            |          |                                _PyEval_EvalFrameDefault
            |          |                                _PyEval_EvalFrame (inlined)
            |          |                                _PyEval_Vector
            |          |                                _PyFunction_Vectorcall
            |          |                                _PyObject_VectorcallTstate (inlined)
            |          |                                PyObject_Vectorcall (inlined)
            |          |                                call_function (inlined)
            |          |                                _PyEval_EvalFrameDefault
            |          |                                _PyEval_EvalFrame (inlined)
            |          |                                _PyEval_Vector
            |          |                                _PyFunction_Vectorcall
            |          |                                _PyObject_VectorcallTstate (inlined)
            |          |                                PyObject_Vectorcall (inlined)
            |          |                                call_function (inlined)
            |          |                                _PyEval_EvalFrameDefault
            |          |                                _PyEval_EvalFrame (inlined)
            |          |                                _PyEval_Vector
            |          |                                _PyFunction_Vectorcall
            |          |                                _PyObject_VectorcallTstate (inlined)
            |          |                                PyObject_Vectorcall (inlined)
            |          |                                call_function (inlined)
            |          |                                _PyEval_EvalFrameDefault
            |          |                                _PyEval_EvalFrame (inlined)
            |          |                                _PyEval_Vector
            |          |                                |          
            |          |                                 --2.45%--_PyFunction_Vectorcall
            |          |                                           _PyObject_VectorcallTstate (inlined)
            |          |                                           PyObject_Vectorcall (inlined)
            |          |                                           call_function (inlined)
            |          |                                           _PyEval_EvalFrameDefault
            |          |                                           _PyEval_EvalFrame (inlined)
            |          |                                           _PyEval_Vector
            |          |                                           |          
            |          |                                           |--1.88%--_PyFunction_Vectorcall
            |          |                                           |          _PyObject_VectorcallTstate (inlined)
            |          |                                           |          PyObject_Vectorcall (inlined)
            |          |                                           |          call_function (inlined)
            |          |                                           |          _PyEval_EvalFrameDefault
            |          |                                           |          _PyEval_EvalFrame (inlined)
            |          |                                           |          _PyEval_Vector
            |          |                                           |          |          
            |          |                                           |          |--1.22%--_PyFunction_Vectorcall
            |          |                                           |          |          _PyObject_VectorcallTstate (inlined)
            |          |                                           |          |          PyObject_Vectorcall (inlined)
            |          |                                           |          |          call_function (inlined)
            |          |                                           |          |          _PyEval_EvalFrameDefault
            |          |                                           |          |          _PyEval_EvalFrame (inlined)
            |          |                                           |          |          _PyEval_Vector
            |          |                                           |          |          |          
            |          |                                           |          |           --0.85%--PyEval_EvalCode
            |          |                                           |          |                     run_eval_code_obj
            |          |                                           |          |                     run_mod
            |          |                                           |          |                     pyrun_file
            |          |                                           |          |                     _PyRun_SimpleFileObject
            |          |                                           |          |                     _PyRun_AnyFileObject
            |          |                                           |          |                     pymain_run_file_obj
            |          |                                           |          |                     pymain_run_file
            |          |                                           |          |                     pymain_run_python
            |          |                                           |          |                     Py_RunMain
            |          |                                           |          |                     pymain_main
            |          |                                           |          |                     Py_BytesMain
            |          |                                           |          |                     main
            |          |                                           |          |                     __libc_start_call_main
            |          |                                           |          |                     __libc_start_main_impl (inlined)
            |          |                                           |          |                     _start
            |          |                                           |          |          
            |          |                                           |           --0.66%--PyEval_EvalCode
            |          |                                           |                     run_eval_code_obj
            |          |                                           |                     run_mod
            |          |                                           |                     pyrun_file
            |          |                                           |                     _PyRun_SimpleFileObject
            |          |                                           |                     _PyRun_AnyFileObject
            |          |                                           |                     pymain_run_file_obj
            |          |                                           |                     pymain_run_file
            |          |                                           |                     pymain_run_python
            |          |                                           |                     Py_RunMain
            |          |                                           |                     pymain_main
            |          |                                           |                     Py_BytesMain
            |          |                                           |                     main
            |          |                                           |                     __libc_start_call_main
            |          |                                           |                     __libc_start_main_impl (inlined)
            |          |                                           |                     _start
            |          |                                           |          
            |          |                                            --0.56%--PyEval_EvalCode
            |          |                                                      run_eval_code_obj
            |          |                                                      run_mod
            |          |                                                      pyrun_file
            |          |                                                      _PyRun_SimpleFileObject
            |          |                                                      _PyRun_AnyFileObject
            |          |                                                      pymain_run_file_obj
            |          |                                                      pymain_run_file
            |          |                                                      pymain_run_python
            |          |                                                      Py_RunMain
            |          |                                                      pymain_main
            |          |                                                      Py_BytesMain
            |          |                                                      main
            |          |                                                      __libc_start_call_main
            |          |                                                      __libc_start_main_impl (inlined)
            |          |                                                      _start
            |          |          
            |           --3.77%--_PyObject_FastCallDictTstate
            |                     _PyObject_Call_Prepend
            |                     |          
            |                      --3.67%--slot_tp_init
            |                                type_call (inlined)
            |                                _PyObject_MakeTpCall
            |                                _PyObject_VectorcallTstate (inlined)
            |                                PyObject_Vectorcall (inlined)
            |                                call_function (inlined)
            |                                _PyEval_EvalFrameDefault
            |                                _PyEval_EvalFrame (inlined)
            |                                _PyEval_Vector
            |                                _PyFunction_Vectorcall
            |                                _PyObject_VectorcallTstate (inlined)
            |                                |          
            |                                |--1.88%--vectorcall_unbound (inlined)
            |                                |          vectorcall_maybe (inlined)
            |                                |          slot_nb_subtract
            |                                |          binary_op1
            |                                |          binary_op
            |                                |          PyNumber_Subtract
            |                                |          _PyEval_EvalFrameDefault
            |                                |          _PyEval_EvalFrame (inlined)
            |                                |          _PyEval_Vector
            |                                |          _PyFunction_Vectorcall
            |                                |          _PyObject_VectorcallTstate (inlined)
            |                                |          PyObject_Vectorcall (inlined)
            |                                |          call_function (inlined)
            |                                |          _PyEval_EvalFrameDefault
            |                                |          _PyEval_EvalFrame (inlined)
            |                                |          _PyEval_Vector
            |                                |          _PyFunction_Vectorcall
            |                                |          _PyObject_VectorcallTstate (inlined)
            |                                |          PyObject_Vectorcall (inlined)
            |                                |          call_function (inlined)
            |                                |          _PyEval_EvalFrameDefault
            |                                |          _PyEval_EvalFrame (inlined)
            |                                |          _PyEval_Vector
            |                                |          _PyFunction_Vectorcall
            |                                |          _PyObject_VectorcallTstate (inlined)
            |                                |          PyObject_Vectorcall (inlined)
            |                                |          call_function (inlined)
            |                                |          _PyEval_EvalFrameDefault
            |                                |          _PyEval_EvalFrame (inlined)
            |                                |          _PyEval_Vector
            |                                |          _PyFunction_Vectorcall
            |                                |          _PyObject_VectorcallTstate (inlined)
            |                                |          PyObject_Vectorcall (inlined)
            |                                |          call_function (inlined)
            |                                |          _PyEval_EvalFrameDefault
            |                                |          _PyEval_EvalFrame (inlined)
            |                                |          _PyEval_Vector
            |                                |          _PyFunction_Vectorcall
            |                                |          _PyObject_VectorcallTstate (inlined)
            |                                |          PyObject_Vectorcall (inlined)
            |                                |          call_function (inlined)
            |                                |          _PyEval_EvalFrameDefault
            |                                |          _PyEval_EvalFrame (inlined)
            |                                |          _PyEval_Vector
            |                                |          _PyFunction_Vectorcall
            |                                |          _PyObject_VectorcallTstate (inlined)
            |                                |          PyObject_Vectorcall (inlined)
            |                                |          call_function (inlined)
            |                                |          _PyEval_EvalFrameDefault
            |                                |          _PyEval_EvalFrame (inlined)
            |                                |          _PyEval_Vector
            |                                |          _PyFunction_Vectorcall
            |                                |          _PyObject_VectorcallTstate (inlined)
            |                                |          PyObject_Vectorcall (inlined)
            |                                |          call_function (inlined)
            |                                |          _PyEval_EvalFrameDefault
            |                                |          _PyEval_EvalFrame (inlined)
            |                                |          _PyEval_Vector
            |                                |          |          
            |                                |           --1.69%--_PyFunction_Vectorcall
            |                                |                     _PyObject_VectorcallTstate (inlined)
            |                                |                     PyObject_Vectorcall (inlined)
            |                                |                     call_function (inlined)
            |                                |                     _PyEval_EvalFrameDefault
            |                                |                     _PyEval_EvalFrame (inlined)
            |                                |                     _PyEval_Vector
            |                                |                     |          
            |                                |                      --1.22%--_PyFunction_Vectorcall
            |                                |                                _PyObject_VectorcallTstate (inlined)
            |                                |                                PyObject_Vectorcall (inlined)
            |                                |                                call_function (inlined)
            |                                |                                _PyEval_EvalFrameDefault
            |                                |                                _PyEval_EvalFrame (inlined)
            |                                |                                _PyEval_Vector
            |                                |                                |          
            |                                |                                 --1.04%--PyEval_EvalCode
            |                                |                                           run_eval_code_obj
            |                                |                                           run_mod
            |                                |                                           pyrun_file
            |                                |                                           _PyRun_SimpleFileObject
            |                                |                                           _PyRun_AnyFileObject
            |                                |                                           pymain_run_file_obj
            |                                |                                           pymain_run_file
            |                                |                                           pymain_run_python
            |                                |                                           Py_RunMain
            |                                |                                           pymain_main
            |                                |                                           Py_BytesMain
            |                                |                                           main
            |                                |                                           __libc_start_call_main
            |                                |                                           0xffffffffffffffff
            |                                |          
            |                                 --1.79%--PyObject_Vectorcall (inlined)
            |                                           call_function (inlined)
            |                                           _PyEval_EvalFrameDefault
            |                                           _PyEval_EvalFrame (inlined)
            |                                           _PyEval_Vector
            |                                           _PyFunction_Vectorcall
            |                                           _PyObject_VectorcallTstate (inlined)
            |                                           PyObject_Vectorcall (inlined)
            |                                           call_function (inlined)
            |                                           _PyEval_EvalFrameDefault
            |                                           _PyEval_EvalFrame (inlined)
            |                                           _PyEval_Vector
            |                                           _PyFunction_Vectorcall
            |                                           |          
            |                                           |--1.04%--_PyObject_VectorcallTstate (inlined)
            |                                           |          PyObject_Vectorcall (inlined)
            |                                           |          call_function (inlined)
            |                                           |          _PyEval_EvalFrameDefault
            |                                           |          _PyEval_EvalFrame (inlined)
            |                                           |          _PyEval_Vector
            |                                           |          _PyFunction_Vectorcall
            |                                           |          _PyObject_VectorcallTstate (inlined)
            |                                           |          PyObject_Vectorcall (inlined)
            |                                           |          call_function (inlined)
            |                                           |          _PyEval_EvalFrameDefault
            |                                           |          _PyEval_EvalFrame (inlined)
            |                                           |          _PyEval_Vector
            |                                           |          _PyFunction_Vectorcall
            |                                           |          _PyObject_VectorcallTstate (inlined)
            |                                           |          PyObject_Vectorcall (inlined)
            |                                           |          call_function (inlined)
            |                                           |          _PyEval_EvalFrameDefault
            |                                           |          _PyEval_EvalFrame (inlined)
            |                                           |          _PyEval_Vector
            |                                           |          |          
            |                                           |           --0.66%--_PyFunction_Vectorcall
            |                                           |                     _PyObject_VectorcallTstate (inlined)
            |                                           |                     PyObject_Vectorcall (inlined)
            |                                           |                     call_function (inlined)
            |                                           |                     _PyEval_EvalFrameDefault
            |                                           |                     _PyEval_EvalFrame (inlined)
            |                                           |                     _PyEval_Vector
            |                                           |                     |          
            |                                           |                      --0.56%--_PyFunction_Vectorcall
            |                                           |                                _PyObject_VectorcallTstate (inlined)
            |                                           |                                PyObject_Vectorcall (inlined)
            |                                           |                                call_function (inlined)
            |                                           |                                _PyEval_EvalFrameDefault
            |                                           |                                _PyEval_EvalFrame (inlined)
            |                                           |                                _PyEval_Vector
            |                                           |          
            |                                            --0.75%--_PyObject_FastCallDictTstate
            |                                                      _PyObject_Call_Prepend
            |                                                      slot_tp_init
            |                                                      type_call (inlined)
            |                                                      _PyObject_MakeTpCall
            |                                                      _PyObject_VectorcallTstate (inlined)
            |                                                      PyObject_Vectorcall (inlined)
            |                                                      call_function (inlined)
            |                                                      _PyEval_EvalFrameDefault
            |                                                      _PyEval_EvalFrame (inlined)
            |                                                      _PyEval_Vector
            |                                                      _PyFunction_Vectorcall
            |                                                      _PyObject_VectorcallTstate (inlined)
            |                                                      PyObject_Vectorcall (inlined)
            |                                                      call_function (inlined)
            |                                                      _PyEval_EvalFrameDefault
            |                                                      _PyEval_EvalFrame (inlined)
            |                                                      _PyEval_Vector
            |                                                      _PyFunction_Vectorcall
            |                                                      _PyObject_VectorcallTstate (inlined)
            |                                                      PyObject_Vectorcall (inlined)
            |                                                      call_function (inlined)
            |                                                      _PyEval_EvalFrameDefault
            |                                                      _PyEval_EvalFrame (inlined)
            |                                                      _PyEval_Vector
            |                                                      _PyFunction_Vectorcall
            |                                                      _PyObject_VectorcallTstate (inlined)
            |                                                      PyObject_Vectorcall (inlined)
            |                                                      call_function (inlined)
            |                                                      _PyEval_EvalFrameDefault
            |                                                      _PyEval_EvalFrame (inlined)
            |                                                      _PyEval_Vector
            |                                                      _PyFunction_Vectorcall
            |                                                      _PyObject_VectorcallTstate (inlined)
            |                                                      PyObject_Vectorcall (inlined)
            |                                                      call_function (inlined)
            |                                                      _PyEval_EvalFrameDefault
            |                                                      _PyEval_EvalFrame (inlined)
            |                                                      _PyEval_Vector
            |                                                      |          
            |                                                       --0.66%--_PyFunction_Vectorcall
            |                                                                 _PyObject_VectorcallTstate (inlined)
            |                                                                 PyObject_Vectorcall (inlined)
            |                                                                 call_function (inlined)
            |                                                                 _PyEval_EvalFrameDefault
            |                                                                 _PyEval_EvalFrame (inlined)
            |                                                                 _PyEval_Vector
            |                                                                 _PyFunction_Vectorcall
            |                                                                 _PyObject_VectorcallTstate (inlined)
            |                                                                 PyObject_Vectorcall (inlined)
            |                                                                 call_function (inlined)
            |                                                                 _PyEval_EvalFrameDefault
            |                                                                 _PyEval_EvalFrame (inlined)
            |                                                                 _PyEval_Vector
            |                                                                 |          
            |                                                                  --0.56%--_PyFunction_Vectorcall
            |                                                                            _PyObject_VectorcallTstate (inlined)
            |                                                                            PyObject_Vectorcall (inlined)
            |                                                                            call_function (inlined)
            |                                                                            _PyEval_EvalFrameDefault
            |                                                                            _PyEval_EvalFrame (inlined)
            |                                                                            _PyEval_Vector
            |                                                                            _PyFunction_Vectorcall
            |                                                                            _PyObject_VectorcallTstate (inlined)
            |                                                                            PyObject_Vectorcall (inlined)
            |                                                                            call_function (inlined)
            |                                                                            _PyEval_EvalFrameDefault
            |                                                                            _PyEval_EvalFrame (inlined)
            |                                                                            _PyEval_Vector
            |          
            |--2.54%--_Py_DECREF (inlined)
            |          |          
            |           --2.45%--_PyEval_EvalFrameDefault
            |                     _PyEval_EvalFrame (inlined)
            |                     _PyEval_Vector
            |                     _PyFunction_Vectorcall
            |                     |          
            |                      --1.98%--_PyObject_VectorcallTstate (inlined)
            |                                |          
            |                                 --1.69%--PyObject_Vectorcall (inlined)
            |                                           call_function (inlined)
            |                                           _PyEval_EvalFrameDefault
            |                                           _PyEval_EvalFrame (inlined)
            |                                           _PyEval_Vector
            |                                           _PyFunction_Vectorcall
            |                                           _PyObject_VectorcallTstate (inlined)
            |                                           PyObject_Vectorcall (inlined)
            |                                           call_function (inlined)
            |                                           _PyEval_EvalFrameDefault
            |                                           _PyEval_EvalFrame (inlined)
            |                                           _PyEval_Vector
            |                                           _PyFunction_Vectorcall
            |                                           |          
            |                                            --1.60%--_PyObject_VectorcallTstate (inlined)
            |                                                      PyObject_Vectorcall (inlined)
            |                                                      call_function (inlined)
            |                                                      _PyEval_EvalFrameDefault
            |                                                      _PyEval_EvalFrame (inlined)
            |                                                      _PyEval_Vector
            |                                                      _PyFunction_Vectorcall
            |                                                      |          
            |                                                       --1.32%--_PyObject_VectorcallTstate (inlined)
            |                                                                 PyObject_Vectorcall (inlined)
            |                                                                 call_function (inlined)
            |                                                                 _PyEval_EvalFrameDefault
            |                                                                 _PyEval_EvalFrame (inlined)
            |                                                                 _PyEval_Vector
            |                                                                 |          
            |                                                                  --1.22%--_PyFunction_Vectorcall
            |                                                                            _PyObject_VectorcallTstate (inlined)
            |                                                                            PyObject_Vectorcall (inlined)
            |                                                                            call_function (inlined)
            |                                                                            _PyEval_EvalFrameDefault
            |                                                                            _PyEval_EvalFrame (inlined)
            |                                                                            _PyEval_Vector
            |                                                                            _PyFunction_Vectorcall
            |                                                                            _PyObject_VectorcallTstate (inlined)
            |                                                                            PyObject_Vectorcall (inlined)
            |                                                                            call_function (inlined)
            |                                                                            _PyEval_EvalFrameDefault
            |                                                                            _PyEval_EvalFrame (inlined)
            |                                                                            _PyEval_Vector
            |                                                                            |          
            |                                                                             --1.04%--_PyFunction_Vectorcall
            |                                                                                       _PyObject_VectorcallTstate (inlined)
            |                                                                                       PyObject_Vectorcall (inlined)
            |                                                                                       call_function (inlined)
            |                                                                                       _PyEval_EvalFrameDefault
            |                                                                                       _PyEval_EvalFrame (inlined)
            |                                                                                       _PyEval_Vector
            |                                                                                       |          
            |                                                                                        --0.94%--_PyFunction_Vectorcall
            |                                                                                                  _PyObject_VectorcallTstate (inlined)
            |                                                                                                  PyObject_Vectorcall (inlined)
            |                                                                                                  call_function (inlined)
            |                                                                                                  _PyEval_EvalFrameDefault
            |                                                                                                  _PyEval_EvalFrame (inlined)
            |                                                                                                  _PyEval_Vector
            |                                                                                                  |          
            |                                                                                                   --0.66%--_PyFunction_Vectorcall
            |                                                                                                             _PyObject_VectorcallTstate (inlined)
            |                                                                                                             PyObject_Vectorcall (inlined)
            |                                                                                                             call_function (inlined)
            |                                                                                                             _PyEval_EvalFrameDefault
            |                                                                                                             _PyEval_EvalFrame (inlined)
            |                                                                                                             _PyEval_Vector
            |                                                                                                             |          
            |                                                                                                              --0.56%--_PyFunction_Vectorcall
            |                                                                                                                        _PyObject_VectorcallTstate (inlined)
            |                                                                                                                        PyObject_Vectorcall (inlined)
            |                                                                                                                        call_function (inlined)
            |                                                                                                                        _PyEval_EvalFrameDefault
            |                                                                                                                        _PyEval_EvalFrame (inlined)
            |                                                                                                                        _PyEval_Vector
            |          
             --1.51%--_Py_INCREF (inlined)
                       _PyEval_EvalFrameDefault
                       _PyEval_EvalFrame (inlined)
                       _PyEval_Vector
                       _PyFunction_Vectorcall
                       |          
                        --1.13%--_PyObject_VectorcallTstate (inlined)
                                  |          
                                   --0.85%--PyObject_Vectorcall (inlined)
                                             call_function (inlined)
                                             _PyEval_EvalFrameDefault
                                             _PyEval_EvalFrame (inlined)
                                             _PyEval_Vector
                                             _PyFunction_Vectorcall
                                             |          
                                              --0.75%--_PyObject_VectorcallTstate (inlined)
                                                        PyObject_Vectorcall (inlined)
                                                        call_function (inlined)
                                                        _PyEval_EvalFrameDefault
                                                        _PyEval_EvalFrame (inlined)
                                                        _PyEval_Vector
                                                        _PyFunction_Vectorcall
                                                        |          
                                                         --0.56%--_PyObject_VectorcallTstate (inlined)
                                                                   PyObject_Vectorcall (inlined)
                                                                   call_function (inlined)
                                                                   _PyEval_EvalFrameDefault
                                                                   _PyEval_EvalFrame (inlined)
                                                                   _PyEval_Vector
                                                                   _PyFunction_Vectorcall
                                                                   _PyObject_VectorcallTstate (inlined)
                                                                   PyObject_Vectorcall (inlined)
                                                                   call_function (inlined)
                                                                   _PyEval_EvalFrameDefault
                                                                   _PyEval_EvalFrame (inlined)
                                                                   _PyEval_Vector
                                                                   _PyFunction_Vectorcall
                                                                   _PyObject_VectorcallTstate (inlined)
                                                                   PyObject_Vectorcall (inlined)
                                                                   call_function (inlined)
                                                                   _PyEval_EvalFrameDefault
                                                                   _PyEval_EvalFrame (inlined)
                                                                   _PyEval_Vector
                                                                   _PyFunction_Vectorcall
                                                                   _PyObject_VectorcallTstate (inlined)
                                                                   PyObject_Vectorcall (inlined)
                                                                   call_function (inlined)
                                                                   _PyEval_EvalFrameDefault
                                                                   _PyEval_EvalFrame (inlined)
                                                                   _PyEval_Vector
 3.77%  ,python3.10d         ,[.] _PyEval_MakeFrameVector
            |          
             --3.30%--_PyEval_MakeFrameVector
                       _PyEval_Vector
                       _PyFunction_Vectorcall
                       |          
                        --3.01%--_PyObject_VectorcallTstate (inlined)
                                  |          
                                   --2.54%--PyObject_Vectorcall (inlined)
                                             call_function (inlined)
                                             _PyEval_EvalFrameDefault
                                             _PyEval_EvalFrame (inlined)
                                             _PyEval_Vector
                                             _PyFunction_Vectorcall
                                             |          
                                              --2.45%--_PyObject_VectorcallTstate (inlined)
                                                        |          
                                                         --2.07%--PyObject_Vectorcall (inlined)
                                                                   call_function (inlined)
                                                                   _PyEval_EvalFrameDefault
                                                                   _PyEval_EvalFrame (inlined)
                                                                   _PyEval_Vector
                                                                   _PyFunction_Vectorcall
                                                                   |          
                                                                    --1.69%--_PyObject_VectorcallTstate (inlined)
                                                                              PyObject_Vectorcall (inlined)
                                                                              call_function (inlined)
                                                                              _PyEval_EvalFrameDefault
                                                                              _PyEval_EvalFrame (inlined)
                                                                              _PyEval_Vector
                                                                              _PyFunction_Vectorcall
                                                                              |          
                                                                               --1.51%--_PyObject_VectorcallTstate (inlined)
                                                                                         PyObject_Vectorcall (inlined)
                                                                                         call_function (inlined)
                                                                                         _PyEval_EvalFrameDefault
                                                                                         _PyEval_EvalFrame (inlined)
                                                                                         _PyEval_Vector
                                                                                         _PyFunction_Vectorcall
                                                                                         |          
                                                                                          --1.41%--_PyObject_VectorcallTstate (inlined)
                                                                                                    PyObject_Vectorcall (inlined)
                                                                                                    call_function (inlined)
                                                                                                    _PyEval_EvalFrameDefault
                                                                                                    _PyEval_EvalFrame (inlined)
                                                                                                    _PyEval_Vector
                                                                                                    _PyFunction_Vectorcall
                                                                                                    _PyObject_VectorcallTstate (inlined)
                                                                                                    PyObject_Vectorcall (inlined)
                                                                                                    call_function (inlined)
                                                                                                    _PyEval_EvalFrameDefault
                                                                                                    _PyEval_EvalFrame (inlined)
                                                                                                    _PyEval_Vector
                                                                                                    _PyFunction_Vectorcall
                                                                                                    _PyObject_VectorcallTstate (inlined)
                                                                                                    PyObject_Vectorcall (inlined)
                                                                                                    call_function (inlined)
                                                                                                    _PyEval_EvalFrameDefault
                                                                                                    _PyEval_EvalFrame (inlined)
                                                                                                    _PyEval_Vector
                                                                                                    _PyFunction_Vectorcall
                                                                                                    _PyObject_VectorcallTstate (inlined)
                                                                                                    PyObject_Vectorcall (inlined)
                                                                                                    call_function (inlined)
                                                                                                    _PyEval_EvalFrameDefault
                                                                                                    _PyEval_EvalFrame (inlined)
                                                                                                    _PyEval_Vector
                                                                                                    |          
                                                                                                     --1.13%--_PyFunction_Vectorcall
                                                                                                               _PyObject_VectorcallTstate (inlined)
                                                                                                               PyObject_Vectorcall (inlined)
                                                                                                               call_function (inlined)
                                                                                                               _PyEval_EvalFrameDefault
                                                                                                               _PyEval_EvalFrame (inlined)
                                                                                                               _PyEval_Vector
                                                                                                               |          
                                                                                                                --0.85%--_PyFunction_Vectorcall
                                                                                                                          _PyObject_VectorcallTstate (inlined)
                                                                                                                          PyObject_Vectorcall (inlined)
                                                                                                                          call_function (inlined)
                                                                                                                          _PyEval_EvalFrameDefault
                                                                                                                          _PyEval_EvalFrame (inlined)
                                                                                                                          _PyEval_Vector
                                                                                                                          _PyFunction_Vectorcall
                                                                                                                          _PyObject_VectorcallTstate (inlined)
                                                                                                                          PyObject_Vectorcall (inlined)
                                                                                                                          call_function (inlined)
                                                                                                                          _PyEval_EvalFrameDefault
                                                                                                                          _PyEval_EvalFrame (inlined)
                                                                                                                          _PyEval_Vector
                                                                                                                          |          
                                                                                                                           --0.56%--PyEval_EvalCode
                                                                                                                                     run_eval_code_obj
                                                                                                                                     run_mod
                                                                                                                                     pyrun_file
                                                                                                                                     _PyRun_SimpleFileObject
                                                                                                                                     _PyRun_AnyFileObject
                                                                                                                                     pymain_run_file_obj
                                                                                                                                     pymain_run_file
                                                                                                                                     pymain_run_python
                                                                                                                                     Py_RunMain
                                                                                                                                     pymain_main
                                                                                                                                     Py_BytesMain
                                                                                                                                     main
                                                                                                                                     __libc_start_call_main
                                                                                                                                     __libc_start_main_impl (inlined)
                                                                                                                                     _start
 3.67%  ,python3.10d         ,[.] frame_dealloc.lto_priv.0
            |          
            |--2.17%--frame_dealloc (inlined)
            |          _Py_Dealloc
            |          _Py_DECREF (inlined)
            |          _PyEval_Vector
            |          _PyFunction_Vectorcall
            |          |          
            |           --1.98%--_PyObject_VectorcallTstate (inlined)
            |                     |          
            |                      --1.51%--PyObject_Vectorcall (inlined)
            |                                call_function (inlined)
            |                                _PyEval_EvalFrameDefault
            |                                _PyEval_EvalFrame (inlined)
            |                                _PyEval_Vector
            |                                _PyFunction_Vectorcall
            |                                _PyObject_VectorcallTstate (inlined)
            |                                |          
            |                                 --1.22%--PyObject_Vectorcall (inlined)
            |                                           call_function (inlined)
            |                                           _PyEval_EvalFrameDefault
            |                                           _PyEval_EvalFrame (inlined)
            |                                           _PyEval_Vector
            |                                           _PyFunction_Vectorcall
            |                                           |          
            |                                            --1.04%--_PyObject_VectorcallTstate (inlined)
            |                                                      PyObject_Vectorcall (inlined)
            |                                                      call_function (inlined)
            |                                                      _PyEval_EvalFrameDefault
            |                                                      _PyEval_EvalFrame (inlined)
            |                                                      _PyEval_Vector
            |                                                      _PyFunction_Vectorcall
            |                                                      |          
            |                                                       --0.94%--_PyObject_VectorcallTstate (inlined)
            |                                                                 PyObject_Vectorcall (inlined)
            |                                                                 call_function (inlined)
            |                                                                 _PyEval_EvalFrameDefault
            |                                                                 _PyEval_EvalFrame (inlined)
            |                                                                 _PyEval_Vector
            |                                                                 _PyFunction_Vectorcall
            |                                                                 |          
            |                                                                  --0.85%--_PyObject_VectorcallTstate (inlined)
            |                                                                            PyObject_Vectorcall (inlined)
            |                                                                            call_function (inlined)
            |                                                                            _PyEval_EvalFrameDefault
            |                                                                            _PyEval_EvalFrame (inlined)
            |                                                                            _PyEval_Vector
            |                                                                            _PyFunction_Vectorcall
            |                                                                            _PyObject_VectorcallTstate (inlined)
            |                                                                            PyObject_Vectorcall (inlined)
            |                                                                            call_function (inlined)
            |                                                                            _PyEval_EvalFrameDefault
            |                                                                            _PyEval_EvalFrame (inlined)
            |                                                                            _PyEval_Vector
            |                                                                            _PyFunction_Vectorcall
            |                                                                            _PyObject_VectorcallTstate (inlined)
            |                                                                            PyObject_Vectorcall (inlined)
            |                                                                            call_function (inlined)
            |                                                                            _PyEval_EvalFrameDefault
            |                                                                            _PyEval_EvalFrame (inlined)
            |                                                                            _PyEval_Vector
            |                                                                            |          
            |                                                                             --0.75%--_PyFunction_Vectorcall
            |                                                                                       _PyObject_VectorcallTstate (inlined)
            |                                                                                       PyObject_Vectorcall (inlined)
            |                                                                                       call_function (inlined)
            |                                                                                       _PyEval_EvalFrameDefault
            |                                                                                       _PyEval_EvalFrame (inlined)
            |                                                                                       _PyEval_Vector
            |                                                                                       |          
            |                                                                                        --0.56%--_PyFunction_Vectorcall
            |                                                                                                  _PyObject_VectorcallTstate (inlined)
            |                                                                                                  PyObject_Vectorcall (inlined)
            |                                                                                                  call_function (inlined)
            |                                                                                                  _PyEval_EvalFrameDefault
            |                                                                                                  _PyEval_EvalFrame (inlined)
            |                                                                                                  _PyEval_Vector
            |          
             --1.51%--_Py_DECREF (inlined)
                       |          
                        --1.32%--frame_dealloc (inlined)
                                  _Py_Dealloc
                                  _Py_DECREF (inlined)
                                  _PyEval_Vector
                                  _PyFunction_Vectorcall
                                  |          
                                   --1.13%--_PyObject_VectorcallTstate (inlined)
                                             |          
                                              --0.85%--PyObject_Vectorcall (inlined)
                                                        call_function (inlined)
                                                        _PyEval_EvalFrameDefault
                                                        _PyEval_EvalFrame (inlined)
                                                        _PyEval_Vector
                                                        _PyFunction_Vectorcall
                                                        _PyObject_VectorcallTstate (inlined)
                                                        |          
                                                         --0.75%--PyObject_Vectorcall (inlined)
                                                                   call_function (inlined)
                                                                   _PyEval_EvalFrameDefault
                                                                   _PyEval_EvalFrame (inlined)
                                                                   _PyEval_Vector
                                                                   _PyFunction_Vectorcall
                                                                   |          
                                                                    --0.56%--_PyObject_VectorcallTstate (inlined)
                                                                              PyObject_Vectorcall (inlined)
                                                                              call_function (inlined)
                                                                              _PyEval_EvalFrameDefault
                                                                              _PyEval_EvalFrame (inlined)
                                                                              _PyEval_Vector
                                                                              _PyFunction_Vectorcall
                                                                              _PyObject_VectorcallTstate (inlined)
                                                                              PyObject_Vectorcall (inlined)
                                                                              call_function (inlined)
                                                                              _PyEval_EvalFrameDefault
                                                                              _PyEval_EvalFrame (inlined)
                                                                              _PyEval_Vector
                                                                              _PyFunction_Vectorcall
                                                                              _PyObject_VectorcallTstate (inlined)
                                                                              PyObject_Vectorcall (inlined)
                                                                              call_function (inlined)
                                                                              _PyEval_EvalFrameDefault
                                                                              _PyEval_EvalFrame (inlined)
                                                                              _PyEval_Vector
                                                                              _PyFunction_Vectorcall
                                                                              _PyObject_VectorcallTstate (inlined)
                                                                              PyObject_Vectorcall (inlined)
                                                                              call_function (inlined)
                                                                              _PyEval_EvalFrameDefault
                                                                              _PyEval_EvalFrame (inlined)
                                                                              _PyEval_Vector
 2.54%  ,python3.10d         ,[.] PyTuple_GetItem
            |
            ---PyTuple_GetItem
               _PyEval_EvalFrameDefault
               _PyEval_EvalFrame (inlined)
               _PyEval_Vector
               _PyFunction_Vectorcall
               |          
               |--1.98%--_PyObject_VectorcallTstate (inlined)
               |          |          
               |           --1.60%--PyObject_Vectorcall (inlined)
               |                     call_function (inlined)
               |                     _PyEval_EvalFrameDefault
               |                     _PyEval_EvalFrame (inlined)
               |                     _PyEval_Vector
               |                     _PyFunction_Vectorcall
               |                     |          
               |                      --1.41%--_PyObject_VectorcallTstate (inlined)
               |                                |          
               |                                 --1.32%--PyObject_Vectorcall (inlined)
               |                                           call_function (inlined)
               |                                           _PyEval_EvalFrameDefault
               |                                           _PyEval_EvalFrame (inlined)
               |                                           _PyEval_Vector
               |                                           _PyFunction_Vectorcall
               |                                           |          
               |                                            --1.13%--_PyObject_VectorcallTstate (inlined)
               |                                                      PyObject_Vectorcall (inlined)
               |                                                      call_function (inlined)
               |                                                      _PyEval_EvalFrameDefault
               |                                                      _PyEval_EvalFrame (inlined)
               |                                                      _PyEval_Vector
               |                                                      _PyFunction_Vectorcall
               |                                                      _PyObject_VectorcallTstate (inlined)
               |                                                      PyObject_Vectorcall (inlined)
               |                                                      call_function (inlined)
               |                                                      _PyEval_EvalFrameDefault
               |                                                      _PyEval_EvalFrame (inlined)
               |                                                      _PyEval_Vector
               |                                                      _PyFunction_Vectorcall
               |                                                      |          
               |                                                       --1.04%--_PyObject_VectorcallTstate (inlined)
               |                                                                 PyObject_Vectorcall (inlined)
               |                                                                 call_function (inlined)
               |                                                                 _PyEval_EvalFrameDefault
               |                                                                 _PyEval_EvalFrame (inlined)
               |                                                                 _PyEval_Vector
               |                                                                 |          
               |                                                                  --0.94%--_PyFunction_Vectorcall
               |                                                                            _PyObject_VectorcallTstate (inlined)
               |                                                                            PyObject_Vectorcall (inlined)
               |                                                                            call_function (inlined)
               |                                                                            _PyEval_EvalFrameDefault
               |                                                                            _PyEval_EvalFrame (inlined)
               |                                                                            _PyEval_Vector
               |                                                                            _PyFunction_Vectorcall
               |                                                                            _PyObject_VectorcallTstate (inlined)
               |                                                                            PyObject_Vectorcall (inlined)
               |                                                                            call_function (inlined)
               |                                                                            _PyEval_EvalFrameDefault
               |                                                                            _PyEval_EvalFrame (inlined)
               |                                                                            _PyEval_Vector
               |                                                                            |          
               |                                                                             --0.66%--_PyFunction_Vectorcall
               |                                                                                       _PyObject_VectorcallTstate (inlined)
               |                                                                                       PyObject_Vectorcall (inlined)
               |                                                                                       call_function (inlined)
               |                                                                                       _PyEval_EvalFrameDefault
               |                                                                                       _PyEval_EvalFrame (inlined)
               |                                                                                       _PyEval_Vector
               |                                                                                       |          
               |                                                                                        --0.56%--_PyFunction_Vectorcall
               |                                                                                                  _PyObject_VectorcallTstate (inlined)
               |                                                                                                  PyObject_Vectorcall (inlined)
               |                                                                                                  call_function (inlined)
               |                                                                                                  _PyEval_EvalFrameDefault
               |                                                                                                  _PyEval_EvalFrame (inlined)
               |                                                                                                  _PyEval_Vector
               |          
                --0.56%--_PyObject_FastCallDictTstate
                          _PyObject_Call_Prepend
                          slot_tp_init
                          type_call (inlined)
                          _PyObject_MakeTpCall
                          _PyObject_VectorcallTstate (inlined)
                          PyObject_Vectorcall (inlined)
                          call_function (inlined)
                          _PyEval_EvalFrameDefault
                          _PyEval_EvalFrame (inlined)
                          _PyEval_Vector
                          _PyFunction_Vectorcall
                          _PyObject_VectorcallTstate (inlined)
 2.54%  ,python3.10d         ,[.] call_function.lto_priv.0
            |          
            |--1.22%--call_function (inlined)
            |          _PyEval_EvalFrameDefault
            |          _PyEval_EvalFrame (inlined)
            |          _PyEval_Vector
            |          _PyFunction_Vectorcall
            |          _PyObject_VectorcallTstate (inlined)
            |          |          
            |           --0.94%--PyObject_Vectorcall (inlined)
            |                     call_function (inlined)
            |                     _PyEval_EvalFrameDefault
            |                     _PyEval_EvalFrame (inlined)
            |                     _PyEval_Vector
            |                     _PyFunction_Vectorcall
            |                     _PyObject_VectorcallTstate (inlined)
            |                     PyObject_Vectorcall (inlined)
            |                     call_function (inlined)
            |                     _PyEval_EvalFrameDefault
            |                     _PyEval_EvalFrame (inlined)
            |                     _PyEval_Vector
            |                     _PyFunction_Vectorcall
            |                     |          
            |                      --0.75%--_PyObject_VectorcallTstate (inlined)
            |                                PyObject_Vectorcall (inlined)
            |                                call_function (inlined)
            |                                _PyEval_EvalFrameDefault
            |                                _PyEval_EvalFrame (inlined)
            |                                _PyEval_Vector
            |                                _PyFunction_Vectorcall
            |          
             --0.85%--_Py_DECREF (inlined)
                       call_function (inlined)
                       _PyEval_EvalFrameDefault
                       _PyEval_EvalFrame (inlined)
                       _PyEval_Vector
                       _PyFunction_Vectorcall
                       _PyObject_VectorcallTstate (inlined)
                       |          
                        --0.56%--PyObject_Vectorcall (inlined)
                                  call_function (inlined)
                                  _PyEval_EvalFrameDefault
                                  _PyEval_EvalFrame (inlined)
                                  _PyEval_Vector
                                  _PyFunction_Vectorcall
 2.35%  ,python3.10d         ,[.] _PyDict_GetItemHint
            |
            ---_PyDict_GetItemHint
               _PyEval_EvalFrameDefault
               _PyEval_EvalFrame (inlined)
               _PyEval_Vector
               _PyFunction_Vectorcall
               _PyObject_VectorcallTstate (inlined)
               |          
               |--1.41%--PyObject_Vectorcall (inlined)
               |          call_function (inlined)
               |          _PyEval_EvalFrameDefault
               |          _PyEval_EvalFrame (inlined)
               |          _PyEval_Vector
               |          _PyFunction_Vectorcall
               |          _PyObject_VectorcallTstate (inlined)
               |          PyObject_Vectorcall (inlined)
               |          call_function (inlined)
               |          _PyEval_EvalFrameDefault
               |          _PyEval_EvalFrame (inlined)
               |          _PyEval_Vector
               |          _PyFunction_Vectorcall
               |          |          
               |           --1.22%--_PyObject_VectorcallTstate (inlined)
               |                     PyObject_Vectorcall (inlined)
               |                     call_function (inlined)
               |                     _PyEval_EvalFrameDefault
               |                     _PyEval_EvalFrame (inlined)
               |                     _PyEval_Vector
               |                     _PyFunction_Vectorcall
               |                     |          
               |                      --0.94%--_PyObject_VectorcallTstate (inlined)
               |                                PyObject_Vectorcall (inlined)
               |                                call_function (inlined)
               |                                _PyEval_EvalFrameDefault
               |                                _PyEval_EvalFrame (inlined)
               |                                _PyEval_Vector
               |                                _PyFunction_Vectorcall
               |                                _PyObject_VectorcallTstate (inlined)
               |                                PyObject_Vectorcall (inlined)
               |                                call_function (inlined)
               |                                _PyEval_EvalFrameDefault
               |                                _PyEval_EvalFrame (inlined)
               |                                _PyEval_Vector
               |                                _PyFunction_Vectorcall
               |                                _PyObject_VectorcallTstate (inlined)
               |                                PyObject_Vectorcall (inlined)
               |                                call_function (inlined)
               |                                _PyEval_EvalFrameDefault
               |                                _PyEval_EvalFrame (inlined)
               |                                _PyEval_Vector
               |                                _PyFunction_Vectorcall
               |                                _PyObject_VectorcallTstate (inlined)
               |                                PyObject_Vectorcall (inlined)
               |                                call_function (inlined)
               |                                _PyEval_EvalFrameDefault
               |                                _PyEval_EvalFrame (inlined)
               |                                _PyEval_Vector
               |                                |          
               |                                 --0.75%--_PyFunction_Vectorcall
               |                                           _PyObject_VectorcallTstate (inlined)
               |                                           PyObject_Vectorcall (inlined)
               |                                           call_function (inlined)
               |                                           _PyEval_EvalFrameDefault
               |                                           _PyEval_EvalFrame (inlined)
               |                                           _PyEval_Vector
               |                                           |          
               |                                            --0.66%--_PyFunction_Vectorcall
               |                                                      _PyObject_VectorcallTstate (inlined)
               |                                                      PyObject_Vectorcall (inlined)
               |                                                      call_function (inlined)
               |                                                      _PyEval_EvalFrameDefault
               |                                                      _PyEval_EvalFrame (inlined)
               |                                                      _PyEval_Vector
               |          
                --0.94%--vectorcall_unbound (inlined)
                          vectorcall_maybe (inlined)
                          slot_nb_subtract
                          binary_op1
                          binary_op
                          PyNumber_Subtract
                          _PyEval_EvalFrameDefault
                          _PyEval_EvalFrame (inlined)
                          _PyEval_Vector
                          _PyFunction_Vectorcall
                          _PyObject_VectorcallTstate (inlined)
                          PyObject_Vectorcall (inlined)
                          call_function (inlined)
                          _PyEval_EvalFrameDefault
                          _PyEval_EvalFrame (inlined)
                          _PyEval_Vector
                          _PyFunction_Vectorcall
                          _PyObject_VectorcallTstate (inlined)
                          PyObject_Vectorcall (inlined)
                          call_function (inlined)
                          _PyEval_EvalFrameDefault
                          _PyEval_EvalFrame (inlined)
                          _PyEval_Vector
                          _PyFunction_Vectorcall
                          _PyObject_VectorcallTstate (inlined)
                          PyObject_Vectorcall (inlined)
                          call_function (inlined)
                          _PyEval_EvalFrameDefault
                          _PyEval_EvalFrame (inlined)
                          _PyEval_Vector
                          _PyFunction_Vectorcall
                          _PyObject_VectorcallTstate (inlined)
                          PyObject_Vectorcall (inlined)
                          call_function (inlined)
                          _PyEval_EvalFrameDefault
                          _PyEval_EvalFrame (inlined)
                          _PyEval_Vector
                          _PyFunction_Vectorcall
                          _PyObject_VectorcallTstate (inlined)
                          PyObject_Vectorcall (inlined)
                          call_function (inlined)
                          _PyEval_EvalFrameDefault
                          _PyEval_EvalFrame (inlined)
                          _PyEval_Vector
                          _PyFunction_Vectorcall
                          _PyObject_VectorcallTstate (inlined)
                          PyObject_Vectorcall (inlined)
                          call_function (inlined)
                          _PyEval_EvalFrameDefault
                          _PyEval_EvalFrame (inlined)
                          _PyEval_Vector
                          |          
                           --0.75%--_PyFunction_Vectorcall
                                     _PyObject_VectorcallTstate (inlined)
                                     PyObject_Vectorcall (inlined)
                                     call_function (inlined)
                                     _PyEval_EvalFrameDefault
                                     _PyEval_EvalFrame (inlined)
                                     _PyEval_Vector
 2.07%  ,python3.10d         ,[.] binary_op1
            |          
             --1.79%--binary_op1
                       |          
                       |--0.75%--PyNumber_Multiply
                       |          _PyEval_EvalFrameDefault
                       |          _PyEval_EvalFrame (inlined)
                       |          _PyEval_Vector
                       |          _PyFunction_Vectorcall
                       |          _PyObject_VectorcallTstate (inlined)
                       |          PyObject_Vectorcall (inlined)
                       |          call_function (inlined)
                       |          _PyEval_EvalFrameDefault
                       |          _PyEval_EvalFrame (inlined)
                       |          _PyEval_Vector
                       |          _PyFunction_Vectorcall
                       |          _PyObject_VectorcallTstate (inlined)
                       |          PyObject_Vectorcall (inlined)
                       |          call_function (inlined)
                       |          _PyEval_EvalFrameDefault
                       |          _PyEval_EvalFrame (inlined)
                       |          _PyEval_Vector
                       |          _PyFunction_Vectorcall
                       |          _PyObject_VectorcallTstate (inlined)
                       |          PyObject_Vectorcall (inlined)
                       |          call_function (inlined)
                       |          _PyEval_EvalFrameDefault
                       |          _PyEval_EvalFrame (inlined)
                       |          _PyEval_Vector
                       |          _PyFunction_Vectorcall
                       |          _PyObject_VectorcallTstate (inlined)
                       |          PyObject_Vectorcall (inlined)
                       |          call_function (inlined)
                       |          _PyEval_EvalFrameDefault
                       |          _PyEval_EvalFrame (inlined)
                       |          _PyEval_Vector
                       |          |          
                       |           --0.66%--_PyFunction_Vectorcall
                       |                     _PyObject_VectorcallTstate (inlined)
                       |                     PyObject_Vectorcall (inlined)
                       |                     call_function (inlined)
                       |                     _PyEval_EvalFrameDefault
                       |                     _PyEval_EvalFrame (inlined)
                       |                     _PyEval_Vector
                       |                     _PyFunction_Vectorcall
                       |                     _PyObject_VectorcallTstate (inlined)
                       |                     PyObject_Vectorcall (inlined)
                       |                     call_function (inlined)
                       |                     _PyEval_EvalFrameDefault
                       |                     _PyEval_EvalFrame (inlined)
                       |                     _PyEval_Vector
                       |                     _PyFunction_Vectorcall
                       |                     _PyObject_VectorcallTstate (inlined)
                       |                     PyObject_Vectorcall (inlined)
                       |                     call_function (inlined)
                       |                     _PyEval_EvalFrameDefault
                       |                     _PyEval_EvalFrame (inlined)
                       |                     _PyEval_Vector
                       |                     |          
                       |                      --0.56%--_PyFunction_Vectorcall
                       |                                _PyObject_VectorcallTstate (inlined)
                       |                                PyObject_Vectorcall (inlined)
                       |                                call_function (inlined)
                       |                                _PyEval_EvalFrameDefault
                       |                                _PyEval_EvalFrame (inlined)
                       |                                _PyEval_Vector
                       |          
                        --0.56%--binary_op
                                  PyNumber_Subtract
                                  _PyEval_EvalFrameDefault
                                  _PyEval_EvalFrame (inlined)
                                  _PyEval_Vector
                                  _PyFunction_Vectorcall
                                  _PyObject_VectorcallTstate (inlined)
 1.98%  ,python3.10d         ,[.] _PyObject_VectorcallTstate.lto_priv.10
            |          
             --1.69%--_PyObject_VectorcallTstate (inlined)
                       PyObject_Vectorcall (inlined)
                       call_function (inlined)
                       _PyEval_EvalFrameDefault
                       _PyEval_EvalFrame (inlined)
                       _PyEval_Vector
                       _PyFunction_Vectorcall
                       _PyObject_VectorcallTstate (inlined)
                       |          
                       |--1.04%--PyObject_Vectorcall (inlined)
                       |          call_function (inlined)
                       |          _PyEval_EvalFrameDefault
                       |          _PyEval_EvalFrame (inlined)
                       |          _PyEval_Vector
                       |          _PyFunction_Vectorcall
                       |          |          
                       |           --0.94%--_PyObject_VectorcallTstate (inlined)
                       |                     PyObject_Vectorcall (inlined)
                       |                     call_function (inlined)
                       |                     _PyEval_EvalFrameDefault
                       |                     _PyEval_EvalFrame (inlined)
                       |                     _PyEval_Vector
                       |                     _PyFunction_Vectorcall
                       |                     |          
                       |                      --0.85%--_PyObject_VectorcallTstate (inlined)
                       |                                PyObject_Vectorcall (inlined)
                       |                                call_function (inlined)
                       |                                _PyEval_EvalFrameDefault
                       |                                _PyEval_EvalFrame (inlined)
                       |                                _PyEval_Vector
                       |                                _PyFunction_Vectorcall
                       |                                _PyObject_VectorcallTstate (inlined)
                       |                                PyObject_Vectorcall (inlined)
                       |                                call_function (inlined)
                       |                                _PyEval_EvalFrameDefault
                       |                                _PyEval_EvalFrame (inlined)
                       |                                _PyEval_Vector
                       |                                _PyFunction_Vectorcall
                       |                                _PyObject_VectorcallTstate (inlined)
                       |                                PyObject_Vectorcall (inlined)
                       |                                call_function (inlined)
                       |                                _PyEval_EvalFrameDefault
                       |                                _PyEval_EvalFrame (inlined)
                       |                                _PyEval_Vector
                       |                                _PyFunction_Vectorcall
                       |                                _PyObject_VectorcallTstate (inlined)
                       |                                PyObject_Vectorcall (inlined)
                       |                                call_function (inlined)
                       |                                _PyEval_EvalFrameDefault
                       |                                _PyEval_EvalFrame (inlined)
                       |                                _PyEval_Vector
                       |                                |          
                       |                                 --0.56%--_PyFunction_Vectorcall
                       |                                           _PyObject_VectorcallTstate (inlined)
                       |                                           PyObject_Vectorcall (inlined)
                       |                                           call_function (inlined)
                       |                                           _PyEval_EvalFrameDefault
                       |                                           _PyEval_EvalFrame (inlined)
                       |                                           _PyEval_Vector
                       |                                           _PyFunction_Vectorcall
                       |                                           _PyObject_VectorcallTstate (inlined)
                       |                                           PyObject_Vectorcall (inlined)
                       |                                           call_function (inlined)
                       |                                           _PyEval_EvalFrameDefault
                       |                                           _PyEval_EvalFrame (inlined)
                       |                                           _PyEval_Vector
                       |          
                        --0.66%--vectorcall_unbound (inlined)
                                  vectorcall_maybe (inlined)
                                  slot_nb_subtract
                                  binary_op1
                                  binary_op
                                  PyNumber_Subtract
                                  _PyEval_EvalFrameDefault
                                  _PyEval_EvalFrame (inlined)
                                  _PyEval_Vector
                                  _PyFunction_Vectorcall
                                  _PyObject_VectorcallTstate (inlined)
                                  PyObject_Vectorcall (inlined)
                                  call_function (inlined)
                                  _PyEval_EvalFrameDefault
                                  _PyEval_EvalFrame (inlined)
                                  _PyEval_Vector
                                  _PyFunction_Vectorcall
                                  _PyObject_VectorcallTstate (inlined)
                                  PyObject_Vectorcall (inlined)
                                  call_function (inlined)
                                  _PyEval_EvalFrameDefault
                                  _PyEval_EvalFrame (inlined)
                                  _PyEval_Vector
                                  _PyFunction_Vectorcall
                                  _PyObject_VectorcallTstate (inlined)
                                  PyObject_Vectorcall (inlined)
                                  call_function (inlined)
                                  _PyEval_EvalFrameDefault
                                  _PyEval_EvalFrame (inlined)
                                  _PyEval_Vector
                                  _PyFunction_Vectorcall
                                  _PyObject_VectorcallTstate (inlined)
                                  PyObject_Vectorcall (inlined)
                                  call_function (inlined)
                                  _PyEval_EvalFrameDefault
                                  _PyEval_EvalFrame (inlined)
                                  _PyEval_Vector
                                  _PyFunction_Vectorcall
                                  _PyObject_VectorcallTstate (inlined)
                                  PyObject_Vectorcall (inlined)
                                  call_function (inlined)
                                  _PyEval_EvalFrameDefault
                                  _PyEval_EvalFrame (inlined)
                                  _PyEval_Vector
                                  _PyFunction_Vectorcall
                                  _PyObject_VectorcallTstate (inlined)
                                  PyObject_Vectorcall (inlined)
                                  call_function (inlined)
                                  _PyEval_EvalFrameDefault
                                  _PyEval_EvalFrame (inlined)
                                  _PyEval_Vector
                                  _PyFunction_Vectorcall
                                  _PyObject_VectorcallTstate (inlined)
                                  PyObject_Vectorcall (inlined)
                                  call_function (inlined)
                                  _PyEval_EvalFrameDefault
                                  _PyEval_EvalFrame (inlined)
                                  _PyEval_Vector
 1.98%  ,python3.10d         ,[.] lookdict_split.lto_priv.0
            |          
             --1.88%--lookdict_split (inlined)
                       |          
                       |--1.04%--insertdict
                       |          PyDict_SetItem
                       |          _PyObjectDict_SetItem
                       |          _PyObject_GenericSetAttrWithDict
                       |          PyObject_GenericSetAttr
                       |          PyObject_SetAttr
                       |          _PyEval_EvalFrameDefault
                       |          _PyEval_EvalFrame (inlined)
                       |          _PyEval_Vector
                       |          _PyFunction_Vectorcall
                       |          |          
                       |           --0.94%--_PyObject_FastCallDictTstate
                       |                     _PyObject_Call_Prepend
                       |                     slot_tp_init
                       |                     type_call (inlined)
                       |                     _PyObject_MakeTpCall
                       |                     _PyObject_VectorcallTstate (inlined)
                       |                     PyObject_Vectorcall (inlined)
                       |                     call_function (inlined)
                       |                     _PyEval_EvalFrameDefault
                       |                     _PyEval_EvalFrame (inlined)
                       |                     _PyEval_Vector
                       |                     _PyFunction_Vectorcall
                       |                     _PyObject_VectorcallTstate (inlined)
                       |          
                        --0.85%--PyDict_GetItemWithError
                                  _PyObject_GetMethod
                                  _PyEval_EvalFrameDefault
                                  _PyEval_EvalFrame (inlined)
                                  _PyEval_Vector
                                  _PyFunction_Vectorcall
                                  _PyObject_VectorcallTstate (inlined)
                                  |          
                                   --0.56%--PyObject_Vectorcall (inlined)
                                             call_function (inlined)
                                             _PyEval_EvalFrameDefault
                                             _PyEval_EvalFrame (inlined)
                                             _PyEval_Vector
                                             _PyFunction_Vectorcall
 1.69%  ,python3.10d         ,[.] _PyFrame_New_NoTrack
            |          
             --1.22%--_PyFrame_New_NoTrack
                       _PyEval_MakeFrameVector
                       _PyEval_Vector
                       _PyFunction_Vectorcall
                       |          
                        --1.13%--_PyObject_VectorcallTstate (inlined)
                                  |          
                                   --0.94%--PyObject_Vectorcall (inlined)
                                             call_function (inlined)
                                             _PyEval_EvalFrameDefault
                                             _PyEval_EvalFrame (inlined)
                                             _PyEval_Vector
                                             _PyFunction_Vectorcall
                                             _PyObject_VectorcallTstate (inlined)
                                             |          
                                              --0.75%--PyObject_Vectorcall (inlined)
                                                        call_function (inlined)
                                                        _PyEval_EvalFrameDefault
                                                        _PyEval_EvalFrame (inlined)
                                                        _PyEval_Vector
                                                        _PyFunction_Vectorcall
 1.41%  ,python3.10d         ,[.] _PyEval_Vector
 1.32%  ,python3.10d         ,[.] _PyObject_GetMethod
            |          
             --1.22%--_PyObject_GetMethod
                       _PyEval_EvalFrameDefault
                       _PyEval_EvalFrame (inlined)
                       _PyEval_Vector
                       _PyFunction_Vectorcall
                       _PyObject_VectorcallTstate (inlined)
                       |          
                        --0.85%--PyObject_Vectorcall (inlined)
                                  call_function (inlined)
                                  _PyEval_EvalFrameDefault
                                  _PyEval_EvalFrame (inlined)
                                  _PyEval_Vector
                                  _PyFunction_Vectorcall
                                  _PyObject_VectorcallTstate (inlined)
                                  PyObject_Vectorcall (inlined)
                                  call_function (inlined)
                                  _PyEval_EvalFrameDefault
                                  _PyEval_EvalFrame (inlined)
                                  _PyEval_Vector
                                  _PyFunction_Vectorcall
                                  _PyObject_VectorcallTstate (inlined)
                                  PyObject_Vectorcall (inlined)
                                  call_function (inlined)
                                  _PyEval_EvalFrameDefault
                                  _PyEval_EvalFrame (inlined)
                                  _PyEval_Vector
                                  _PyFunction_Vectorcall
                                  _PyObject_VectorcallTstate (inlined)
                                  PyObject_Vectorcall (inlined)
                                  call_function (inlined)
                                  _PyEval_EvalFrameDefault
                                  _PyEval_EvalFrame (inlined)
                                  _PyEval_Vector
                                  |          
                                   --0.75%--_PyFunction_Vectorcall
                                             _PyObject_VectorcallTstate (inlined)
                                             PyObject_Vectorcall (inlined)
                                             call_function (inlined)
                                             _PyEval_EvalFrameDefault
                                             _PyEval_EvalFrame (inlined)
                                             _PyEval_Vector
                                             _PyFunction_Vectorcall
                                             _PyObject_VectorcallTstate (inlined)
                                             PyObject_Vectorcall (inlined)
                                             call_function (inlined)
                                             _PyEval_EvalFrameDefault
                                             _PyEval_EvalFrame (inlined)
                                             _PyEval_Vector
                                             |          
                                              --0.66%--_PyFunction_Vectorcall
                                                        _PyObject_VectorcallTstate (inlined)
                                                        PyObject_Vectorcall (inlined)
                                                        call_function (inlined)
                                                        _PyEval_EvalFrameDefault
                                                        _PyEval_EvalFrame (inlined)
                                                        _PyEval_Vector
                                                        _PyFunction_Vectorcall
                                                        _PyObject_VectorcallTstate (inlined)
                                                        PyObject_Vectorcall (inlined)
                                                        call_function (inlined)
                                                        _PyEval_EvalFrameDefault
                                                        _PyEval_EvalFrame (inlined)
                                                        _PyEval_Vector
                                                        |          
                                                         --0.56%--_PyFunction_Vectorcall
                                                                   _PyObject_VectorcallTstate (inlined)
                                                                   PyObject_Vectorcall (inlined)
                                                                   call_function (inlined)
                                                                   _PyEval_EvalFrameDefault
                                                                   _PyEval_EvalFrame (inlined)
                                                                   _PyEval_Vector
 1.32%  ,python3.10d         ,[.] _PyType_Lookup
            |
            ---_PyType_Lookup
 1.32%  ,python3.10d         ,[.] insertdict
            |          
             --0.94%--insertdict
                       PyDict_SetItem
                       _PyObjectDict_SetItem
                       _PyObject_GenericSetAttrWithDict
                       PyObject_GenericSetAttr
                       PyObject_SetAttr
                       _PyEval_EvalFrameDefault
                       _PyEval_EvalFrame (inlined)
                       _PyEval_Vector
                       _PyFunction_Vectorcall
                       _PyObject_FastCallDictTstate
                       _PyObject_Call_Prepend
                       slot_tp_init
                       type_call (inlined)
                       _PyObject_MakeTpCall
                       _PyObject_VectorcallTstate (inlined)
                       PyObject_Vectorcall (inlined)
                       call_function (inlined)
                       _PyEval_EvalFrameDefault
                       _PyEval_EvalFrame (inlined)
                       _PyEval_Vector
                       _PyFunction_Vectorcall
                       _PyObject_VectorcallTstate (inlined)
                       |          
                        --0.75%--vectorcall_unbound (inlined)
                                  vectorcall_maybe (inlined)
                                  |          
                                   --0.66%--slot_nb_subtract
                                             binary_op1
                                             binary_op
                                             PyNumber_Subtract
                                             _PyEval_EvalFrameDefault
                                             _PyEval_EvalFrame (inlined)
                                             _PyEval_Vector
                                             _PyFunction_Vectorcall
                                             _PyObject_VectorcallTstate (inlined)
                                             PyObject_Vectorcall (inlined)
                                             call_function (inlined)
                                             _PyEval_EvalFrameDefault
                                             _PyEval_EvalFrame (inlined)
                                             _PyEval_Vector
                                             _PyFunction_Vectorcall
                                             _PyObject_VectorcallTstate (inlined)
                                             PyObject_Vectorcall (inlined)
                                             call_function (inlined)
                                             _PyEval_EvalFrameDefault
                                             _PyEval_EvalFrame (inlined)
                                             _PyEval_Vector
                                             _PyFunction_Vectorcall
                                             _PyObject_VectorcallTstate (inlined)
                                             PyObject_Vectorcall (inlined)
                                             call_function (inlined)
                                             _PyEval_EvalFrameDefault
                                             _PyEval_EvalFrame (inlined)
                                             _PyEval_Vector
                                             _PyFunction_Vectorcall
                                             _PyObject_VectorcallTstate (inlined)
                                             PyObject_Vectorcall (inlined)
                                             call_function (inlined)
                                             _PyEval_EvalFrameDefault
                                             _PyEval_EvalFrame (inlined)
                                             _PyEval_Vector
                                             _PyFunction_Vectorcall
                                             _PyObject_VectorcallTstate (inlined)
                                             PyObject_Vectorcall (inlined)
                                             call_function (inlined)
                                             _PyEval_EvalFrameDefault
                                             _PyEval_EvalFrame (inlined)
                                             _PyEval_Vector
                                             _PyFunction_Vectorcall
                                             _PyObject_VectorcallTstate (inlined)
                                             PyObject_Vectorcall (inlined)
                                             call_function (inlined)
                                             _PyEval_EvalFrameDefault
                                             _PyEval_EvalFrame (inlined)
                                             _PyEval_Vector
                                             _PyFunction_Vectorcall
                                             _PyObject_VectorcallTstate (inlined)
                                             PyObject_Vectorcall (inlined)
                                             call_function (inlined)
                                             _PyEval_EvalFrameDefault
                                             _PyEval_EvalFrame (inlined)
                                             _PyEval_Vector
 1.22%  ,python3.10d         ,[.] _PyMem_DebugCheckAddress
            |
            ---_PyMem_DebugCheckAddress
               _PyMem_DebugRawFree
               _PyMem_DebugFree
               |          
                --0.75%--PyObject_Free
                          |          
                           --0.56%--PyObject_GC_Del
                                     object_dealloc (inlined)
                                     subtype_dealloc (inlined)
                                     _Py_Dealloc
                                     _Py_DECREF (inlined)
 1.22%  ,python3.10d         ,[.] _Py_CheckFunctionResult
            |
            ---_Py_CheckFunctionResult
               |          
                --0.56%--_PyObject_VectorcallTstate (inlined)
 1.13%  ,libc.so.6           ,[.] __memset_avx2_unaligned_erms
            |
            ---__memset_avx2_unaligned_erms
               memset (inlined)
               |          
                --0.94%--_PyMem_DebugRawFree
                          _PyMem_DebugFree
                          |          
                           --0.56%--PyObject_Free
                                     PyObject_GC_Del
 1.13%  ,python3.10d         ,[.] PyType_IsSubtype
            |
            ---PyType_IsSubtype
               |          
                --0.66%--_PyObject_TypeCheck (inlined)
 1.13%  ,python3.10d         ,[.] _Py_NewReference
            |          
             --0.94%--_Py_NewReference
 1.13%  ,python3.10d         ,[.] frame_alloc
            |
            ---frame_alloc
               _PyFrame_New_NoTrack
               _PyEval_MakeFrameVector
               _PyEval_Vector
               _PyFunction_Vectorcall
               _PyObject_VectorcallTstate (inlined)
               PyObject_Vectorcall (inlined)
               call_function (inlined)
               _PyEval_EvalFrameDefault
               _PyEval_EvalFrame (inlined)
               _PyEval_Vector
               _PyFunction_Vectorcall
               |          
                --1.04%--_PyObject_VectorcallTstate (inlined)
                          PyObject_Vectorcall (inlined)
                          call_function (inlined)
                          _PyEval_EvalFrameDefault
                          _PyEval_EvalFrame (inlined)
                          _PyEval_Vector
                          _PyFunction_Vectorcall
                          |          
                           --0.94%--_PyObject_VectorcallTstate (inlined)
                                     PyObject_Vectorcall (inlined)
                                     call_function (inlined)
                                     _PyEval_EvalFrameDefault
                                     _PyEval_EvalFrame (inlined)
                                     _PyEval_Vector
                                     _PyFunction_Vectorcall
                                     |          
                                      --0.85%--_PyObject_VectorcallTstate (inlined)
                                                PyObject_Vectorcall (inlined)
                                                call_function (inlined)
                                                _PyEval_EvalFrameDefault
                                                _PyEval_EvalFrame (inlined)
                                                _PyEval_Vector
                                                _PyFunction_Vectorcall
                                                |          
                                                 --0.75%--_PyObject_VectorcallTstate (inlined)
                                                           PyObject_Vectorcall (inlined)
                                                           call_function (inlined)
                                                           _PyEval_EvalFrameDefault
                                                           _PyEval_EvalFrame (inlined)
                                                           _PyEval_Vector
                                                           _PyFunction_Vectorcall
                                                           _PyObject_VectorcallTstate (inlined)
                                                           PyObject_Vectorcall (inlined)
                                                           call_function (inlined)
                                                           _PyEval_EvalFrameDefault
                                                           _PyEval_EvalFrame (inlined)
                                                           _PyEval_Vector
                                                           |          
                                                            --0.66%--_PyFunction_Vectorcall
                                                                      _PyObject_VectorcallTstate (inlined)
                                                                      PyObject_Vectorcall (inlined)
                                                                      call_function (inlined)
                                                                      _PyEval_EvalFrameDefault
                                                                      _PyEval_EvalFrame (inlined)
                                                                      _PyEval_Vector
                                                                      |          
                                                                       --0.56%--_PyFunction_Vectorcall
                                                                                 _PyObject_VectorcallTstate (inlined)
                                                                                 PyObject_Vectorcall (inlined)
                                                                                 call_function (inlined)
                                                                                 _PyEval_EvalFrameDefault
                                                                                 _PyEval_EvalFrame (inlined)
                                                                                 _PyEval_Vector
 1.13%  ,python3.10d         ,[.] read_size_t
            |
            ---read_size_t
               |          
                --0.75%--_PyMem_DebugRawFree
                          _PyMem_DebugFree
                          |          
                           --0.56%--PyMem_Free
 1.04%  ,python3.10d         ,[.] _Py_Dealloc
            |
            ---_Py_Dealloc
               _Py_DECREF (inlined)
 0.94%  ,python3.10d         ,[.] PyDict_GetItemWithError
            |
            ---PyDict_GetItemWithError
               |          
                --0.85%--_PyObject_GetMethod
                          _PyEval_EvalFrameDefault
                          _PyEval_EvalFrame (inlined)
                          _PyEval_Vector
                          _PyFunction_Vectorcall
                          |          
                           --0.75%--_PyObject_VectorcallTstate (inlined)
                                     PyObject_Vectorcall (inlined)
                                     call_function (inlined)
                                     _PyEval_EvalFrameDefault
                                     _PyEval_EvalFrame (inlined)
                                     _PyEval_Vector
                                     _PyFunction_Vectorcall
                                     |          
                                      --0.56%--_PyObject_VectorcallTstate (inlined)
                                                PyObject_Vectorcall (inlined)
                                                call_function (inlined)
                                                _PyEval_EvalFrameDefault
                                                _PyEval_EvalFrame (inlined)
                                                _PyEval_Vector
                                                _PyFunction_Vectorcall
                                                _PyObject_VectorcallTstate (inlined)
                                                PyObject_Vectorcall (inlined)
                                                call_function (inlined)
                                                _PyEval_EvalFrameDefault
                                                _PyEval_EvalFrame (inlined)
                                                _PyEval_Vector
                                                _PyFunction_Vectorcall
                                                _PyObject_VectorcallTstate (inlined)
                                                PyObject_Vectorcall (inlined)
                                                call_function (inlined)
                                                _PyEval_EvalFrameDefault
                                                _PyEval_EvalFrame (inlined)
                                                _PyEval_Vector
                                                _PyFunction_Vectorcall
                                                _PyObject_VectorcallTstate (inlined)
                                                PyObject_Vectorcall (inlined)
                                                call_function (inlined)
                                                _PyEval_EvalFrameDefault
                                                _PyEval_EvalFrame (inlined)
                                                _PyEval_Vector
                                                _PyFunction_Vectorcall
                                                _PyObject_VectorcallTstate (inlined)
                                                PyObject_Vectorcall (inlined)
                                                call_function (inlined)
                                                _PyEval_EvalFrameDefault
                                                _PyEval_EvalFrame (inlined)
                                                _PyEval_Vector
 0.94%  ,python3.10d         ,[.] arena_map_get
            |
            ---arena_map_get
               arena_map_is_used
               address_in_range
               pymalloc_free (inlined)
               _PyObject_Free
               _PyMem_DebugRawFree
               _PyMem_DebugFree
               |          
                --0.66%--PyMem_Free
                          dict_dealloc (inlined)
                          _Py_Dealloc
                          _Py_DECREF (inlined)
                          subtype_dealloc (inlined)
                          _Py_Dealloc
                          _Py_DECREF (inlined)
 0.94%  ,python3.10d         ,[.] subtype_dealloc.lto_priv.0
            |          
             --0.85%--subtype_dealloc (inlined)
                       _Py_Dealloc
                       _Py_DECREF (inlined)
 0.85%  ,libc.so.6           ,[.] pthread_getspecific@@GLIBC_2.34
            |
            ---___pthread_getspecific (inlined)
               PyThread_tss_get
               _PyGILState_GetThisThreadState
               PyGILState_Check
               |          
                --0.56%--_PyMem_DebugCheckGIL (inlined)
 0.85%  ,python3.10d         ,[.] PyFloat_FromDouble
            |          
             --0.75%--PyFloat_FromDouble
 0.85%  ,python3.10d         ,[.] PyGILState_Check
            |
            ---PyGILState_Check
 0.85%  ,python3.10d         ,[.] _PyObject_GenericSetAttrWithDict
            |
            ---_PyObject_GenericSetAttrWithDict
               PyObject_GenericSetAttr
               PyObject_SetAttr
               _PyEval_EvalFrameDefault
               _PyEval_EvalFrame (inlined)
               _PyEval_Vector
               _PyFunction_Vectorcall
               _PyObject_FastCallDictTstate
               _PyObject_Call_Prepend
               slot_tp_init
               type_call (inlined)
               _PyObject_MakeTpCall
               _PyObject_VectorcallTstate (inlined)
               PyObject_Vectorcall (inlined)
               call_function (inlined)
               _PyEval_EvalFrameDefault
               _PyEval_EvalFrame (inlined)
               _PyEval_Vector
               _PyFunction_Vectorcall
               _PyObject_VectorcallTstate (inlined)
 0.85%  ,python3.10d         ,[.] _PyObject_Malloc
            |          
             --0.56%--pymalloc_alloc (inlined)
                       _PyObject_Malloc
 0.85%  ,python3.10d         ,[.] binary_op
            |
            ---binary_op
               PyNumber_Subtract
               _PyEval_EvalFrameDefault
               _PyEval_EvalFrame (inlined)
               _PyEval_Vector
               _PyFunction_Vectorcall
               _PyObject_VectorcallTstate (inlined)
               |          
                --0.56%--vectorcall_unbound (inlined)
                          vectorcall_maybe (inlined)
                          slot_nb_subtract
                          binary_op1
                          binary_op
                          PyNumber_Subtract
                          _PyEval_EvalFrameDefault
                          _PyEval_EvalFrame (inlined)
                          _PyEval_Vector
                          _PyFunction_Vectorcall
                          _PyObject_VectorcallTstate (inlined)
                          PyObject_Vectorcall (inlined)
                          call_function (inlined)
                          _PyEval_EvalFrameDefault
                          _PyEval_EvalFrame (inlined)
                          _PyEval_Vector
                          _PyFunction_Vectorcall
                          _PyObject_VectorcallTstate (inlined)
                          PyObject_Vectorcall (inlined)
                          call_function (inlined)
                          _PyEval_EvalFrameDefault
                          _PyEval_EvalFrame (inlined)
                          _PyEval_Vector
                          _PyFunction_Vectorcall
                          _PyObject_VectorcallTstate (inlined)
                          PyObject_Vectorcall (inlined)
                          call_function (inlined)
                          _PyEval_EvalFrameDefault
                          _PyEval_EvalFrame (inlined)
                          _PyEval_Vector
                          _PyFunction_Vectorcall
                          _PyObject_VectorcallTstate (inlined)
                          PyObject_Vectorcall (inlined)
                          call_function (inlined)
                          _PyEval_EvalFrameDefault
                          _PyEval_EvalFrame (inlined)
                          _PyEval_Vector
                          _PyFunction_Vectorcall
                          _PyObject_VectorcallTstate (inlined)
                          PyObject_Vectorcall (inlined)
                          call_function (inlined)
                          _PyEval_EvalFrameDefault
                          _PyEval_EvalFrame (inlined)
                          _PyEval_Vector
                          _PyFunction_Vectorcall
                          _PyObject_VectorcallTstate (inlined)
                          PyObject_Vectorcall (inlined)
                          call_function (inlined)
                          _PyEval_EvalFrameDefault
                          _PyEval_EvalFrame (inlined)
                          _PyEval_Vector
                          _PyFunction_Vectorcall
                          _PyObject_VectorcallTstate (inlined)
                          PyObject_Vectorcall (inlined)
                          call_function (inlined)
                          _PyEval_EvalFrameDefault
                          _PyEval_EvalFrame (inlined)
                          _PyEval_Vector
 0.85%  ,python3.10d         ,[.] new_dict
            |
            ---new_dict
               new_dict_with_shared_keys (inlined)
               _PyObjectDict_SetItem
               _PyObject_GenericSetAttrWithDict
               PyObject_GenericSetAttr
               PyObject_SetAttr
               _PyEval_EvalFrameDefault
               _PyEval_EvalFrame (inlined)
               _PyEval_Vector
               _PyFunction_Vectorcall
               _PyObject_FastCallDictTstate
               _PyObject_Call_Prepend
               slot_tp_init
               type_call (inlined)
               _PyObject_MakeTpCall
               _PyObject_VectorcallTstate (inlined)
               PyObject_Vectorcall (inlined)
               call_function (inlined)
               _PyEval_EvalFrameDefault
               _PyEval_EvalFrame (inlined)
               _PyEval_Vector
               _PyFunction_Vectorcall
               _PyObject_VectorcallTstate (inlined)
               |          
                --0.56%--vectorcall_unbound (inlined)
                          vectorcall_maybe (inlined)
                          slot_nb_subtract
                          binary_op1
                          binary_op
                          PyNumber_Subtract
                          _PyEval_EvalFrameDefault
                          _PyEval_EvalFrame (inlined)
                          _PyEval_Vector
                          _PyFunction_Vectorcall
                          _PyObject_VectorcallTstate (inlined)
                          PyObject_Vectorcall (inlined)
                          call_function (inlined)
                          _PyEval_EvalFrameDefault
                          _PyEval_EvalFrame (inlined)
                          _PyEval_Vector
                          _PyFunction_Vectorcall
                          _PyObject_VectorcallTstate (inlined)
                          PyObject_Vectorcall (inlined)
                          call_function (inlined)
                          _PyEval_EvalFrameDefault
                          _PyEval_EvalFrame (inlined)
                          _PyEval_Vector
                          _PyFunction_Vectorcall
                          _PyObject_VectorcallTstate (inlined)
                          PyObject_Vectorcall (inlined)
                          call_function (inlined)
                          _PyEval_EvalFrameDefault
                          _PyEval_EvalFrame (inlined)
                          _PyEval_Vector
                          _PyFunction_Vectorcall
                          _PyObject_VectorcallTstate (inlined)
                          PyObject_Vectorcall (inlined)
                          call_function (inlined)
                          _PyEval_EvalFrameDefault
                          _PyEval_EvalFrame (inlined)
                          _PyEval_Vector
                          _PyFunction_Vectorcall
                          _PyObject_VectorcallTstate (inlined)
                          PyObject_Vectorcall (inlined)
                          call_function (inlined)
                          _PyEval_EvalFrameDefault
                          _PyEval_EvalFrame (inlined)
                          _PyEval_Vector
                          _PyFunction_Vectorcall
                          _PyObject_VectorcallTstate (inlined)
                          PyObject_Vectorcall (inlined)
                          call_function (inlined)
                          _PyEval_EvalFrameDefault
                          _PyEval_EvalFrame (inlined)
                          _PyEval_Vector
                          _PyFunction_Vectorcall
                          _PyObject_VectorcallTstate (inlined)
                          PyObject_Vectorcall (inlined)
                          call_function (inlined)
                          _PyEval_EvalFrameDefault
                          _PyEval_EvalFrame (inlined)
                          _PyEval_Vector
 0.75%  ,python3.10d         ,[.] float_dealloc.lto_priv.0
            |          
             --0.66%--float_dealloc (inlined)
                       _Py_Dealloc
                       _Py_DECREF (inlined)
 0.75%  ,python3.10d         ,[.] float_mul.lto_priv.0
            |
            ---float_mul (inlined)
               binary_op1
               PyNumber_Multiply
               _PyEval_EvalFrameDefault
               _PyEval_EvalFrame (inlined)
               _PyEval_Vector
               _PyFunction_Vectorcall
               _PyObject_VectorcallTstate (inlined)
               PyObject_Vectorcall (inlined)
               call_function (inlined)
               _PyEval_EvalFrameDefault
               _PyEval_EvalFrame (inlined)
               _PyEval_Vector
               _PyFunction_Vectorcall
               _PyObject_VectorcallTstate (inlined)
               PyObject_Vectorcall (inlined)
               call_function (inlined)
               _PyEval_EvalFrameDefault
               _PyEval_EvalFrame (inlined)
               _PyEval_Vector
               _PyFunction_Vectorcall
               _PyObject_VectorcallTstate (inlined)
               PyObject_Vectorcall (inlined)
               call_function (inlined)
               _PyEval_EvalFrameDefault
               _PyEval_EvalFrame (inlined)
               _PyEval_Vector
               _PyFunction_Vectorcall
               |          
                --0.66%--_PyObject_VectorcallTstate (inlined)
                          PyObject_Vectorcall (inlined)
                          call_function (inlined)
                          _PyEval_EvalFrameDefault
                          _PyEval_EvalFrame (inlined)
                          _PyEval_Vector
                          _PyFunction_Vectorcall
                          _PyObject_VectorcallTstate (inlined)
                          PyObject_Vectorcall (inlined)
                          call_function (inlined)
                          _PyEval_EvalFrameDefault
                          _PyEval_EvalFrame (inlined)
                          _PyEval_Vector
                          _PyFunction_Vectorcall
                          _PyObject_VectorcallTstate (inlined)
                          PyObject_Vectorcall (inlined)
                          call_function (inlined)
                          _PyEval_EvalFrameDefault
                          _PyEval_EvalFrame (inlined)
                          _PyEval_Vector
                          _PyFunction_Vectorcall
                          _PyObject_VectorcallTstate (inlined)
                          PyObject_Vectorcall (inlined)
                          call_function (inlined)
                          _PyEval_EvalFrameDefault
                          _PyEval_EvalFrame (inlined)
                          _PyEval_Vector
                          _PyFunction_Vectorcall
                          _PyObject_VectorcallTstate (inlined)
                          PyObject_Vectorcall (inlined)
                          call_function (inlined)
                          _PyEval_EvalFrameDefault
                          _PyEval_EvalFrame (inlined)
                          _PyEval_Vector
                          |          
                           --0.56%--_PyFunction_Vectorcall
                                     _PyObject_VectorcallTstate (inlined)
                                     PyObject_Vectorcall (inlined)
                                     call_function (inlined)
                                     _PyEval_EvalFrameDefault
                                     _PyEval_EvalFrame (inlined)
                                     _PyEval_Vector
 0.75%  ,python3.10d         ,[.] lookdict_unicode_nodummy
            |          
             --0.66%--lookdict_unicode_nodummy
 0.75%  ,python3.10d         ,[.] tupledealloc.lto_priv.0
            |
            ---tupledealloc (inlined)
               _Py_Dealloc
               _Py_DECREF (inlined)
               |          
                --0.56%--_PyObject_MakeTpCall
                          _PyObject_VectorcallTstate (inlined)
                          PyObject_Vectorcall (inlined)
                          call_function (inlined)
                          _PyEval_EvalFrameDefault
                          _PyEval_EvalFrame (inlined)
                          _PyEval_Vector
                          _PyFunction_Vectorcall
                          _PyObject_VectorcallTstate (inlined)
 0.66%  ,python3.10d         ,[.] PyObject_SetAttr
 0.66%  ,python3.10d         ,[.] _PyDict_CheckConsistency
            |
            ---_PyDict_CheckConsistency
 0.66%  ,python3.10d         ,[.] _PyFunction_Vectorcall
            |
            ---_PyFunction_Vectorcall
 0.66%  ,python3.10d         ,[.] _PyObjectDict_SetItem
            |
            ---_PyObjectDict_SetItem
               _PyObject_GenericSetAttrWithDict
               PyObject_GenericSetAttr
               PyObject_SetAttr
               _PyEval_EvalFrameDefault
               _PyEval_EvalFrame (inlined)
               _PyEval_Vector
               _PyFunction_Vectorcall
               _PyObject_FastCallDictTstate
               _PyObject_Call_Prepend
               slot_tp_init
               type_call (inlined)
               _PyObject_MakeTpCall
               _PyObject_VectorcallTstate (inlined)
               PyObject_Vectorcall (inlined)
               call_function (inlined)
               _PyEval_EvalFrameDefault
               _PyEval_EvalFrame (inlined)
               _PyEval_Vector
               _PyFunction_Vectorcall
               _PyObject_VectorcallTstate (inlined)
 0.66%  ,python3.10d         ,[.] _PyTuple_FromArray
 0.66%  ,python3.10d         ,[.] _PyUnicode_FromId
            |          
             --0.56%--_PyUnicode_FromId
 0.66%  ,python3.10d         ,[.] tuple_alloc
            |
            ---tuple_alloc
               |          
                --0.56%--_PyTuple_FromArray
 0.56%  ,python3.10d         ,[.] PyDict_SetItem
            |
            ---PyDict_SetItem
               _PyObjectDict_SetItem
               _PyObject_GenericSetAttrWithDict
               PyObject_GenericSetAttr
               PyObject_SetAttr
               _PyEval_EvalFrameDefault
               _PyEval_EvalFrame (inlined)
               _PyEval_Vector
               _PyFunction_Vectorcall
 0.56%  ,python3.10d         ,[.] lookup_maybe_method.lto_priv.0
            |
            ---lookup_maybe_method (inlined)
 0.47%  ,python3.10d         ,[.] PyDict_Contains
 0.47%  ,python3.10d         ,[.] _Py_CheckSlotResult
 0.47%  ,python3.10d         ,[.] float_sub.lto_priv.0
 0.47%  ,python3.10d         ,[.] is_tstate_valid.lto_priv.0
 0.47%  ,python3.10d         ,[.] type_call.lto_priv.0
 0.38%  ,python3.10d         ,[.] PyUnicode_InternInPlace
 0.38%  ,python3.10d         ,[.] _PyObject_Call_Prepend
 0.38%  ,python3.10d         ,[.] float_richcompare.lto_priv.0
 0.28%  ,python3.10d         ,[.] PyObject_ClearWeakRefs
 0.28%  ,python3.10d         ,[.] PyObject_GenericSetAttr
 0.28%  ,python3.10d         ,[.] PyThread_tss_get
 0.28%  ,python3.10d         ,[.] PyTuple_New
 0.28%  ,python3.10d         ,[.] _PyMem_DebugMalloc
 0.28%  ,python3.10d         ,[.] _PyMem_DebugRawFree
 0.28%  ,python3.10d         ,[.] _PyObject_FastCallDictTstate
 0.28%  ,python3.10d         ,[.] _PyObject_GenericGetAttrWithDict
 0.28%  ,python3.10d         ,[.] _PyUnicode_CheckConsistency
 0.28%  ,python3.10d         ,[.] arena_map_is_used
 0.28%  ,python3.10d         ,[.] dict_dealloc.lto_priv.0
 0.28%  ,python3.10d         ,[.] get_float_state
 0.28%  ,python3.10d         ,[.] min_max
 0.28%  ,python3.10d         ,[.] object_new.lto_priv.0
 0.28%  ,python3.10d         ,[.] slot_tp_init
 0.28%  ,python3.10d         ,[.] validate_list
 0.28%  ,python3.10d         ,[.] write_size_t
 0.19%  ,libc.so.6           ,[.] __memmove_avx_unaligned_erms
 0.19%  ,python3.10d         ,[.] PyCallable_Check
 0.19%  ,python3.10d         ,[.] PyList_New
 0.19%  ,python3.10d         ,[.] PyLong_AsDouble
 0.19%  ,python3.10d         ,[.] PyLong_FromLong
 0.19%  ,python3.10d         ,[.] PyMem_Free
 0.19%  ,python3.10d         ,[.] PyNumber_Add
 0.19%  ,python3.10d         ,[.] PyNumber_Multiply
 0.19%  ,python3.10d         ,[.] PyNumber_Subtract
 0.19%  ,python3.10d         ,[.] PyObject_GC_UnTrack
 0.19%  ,python3.10d         ,[.] _PyDict_ContainsId
 0.19%  ,python3.10d         ,[.] _PyGILState_GetThisThreadState
 0.19%  ,python3.10d         ,[.] _PyMem_DebugRawAlloc
 0.19%  ,python3.10d         ,[.] _PyObject_Free
 0.19%  ,python3.10d         ,[.] _PyObject_GetDictPtr
 0.19%  ,python3.10d         ,[.] _PyObject_VectorcallTstate.lto_priv.6
 0.19%  ,python3.10d         ,[.] _PyTrash_cond
 0.19%  ,python3.10d         ,[.] _PyTrash_end
 0.19%  ,python3.10d         ,[.] cfunction_vectorcall_O.lto_priv.0
 0.19%  ,python3.10d         ,[.] convertitem
 0.19%  ,python3.10d         ,[.] get_tuple_state
 0.19%  ,python3.10d         ,[.] listiter_next.lto_priv.0
 0.19%  ,python3.10d         ,[.] method_vectorcall
 0.19%  ,python3.10d         ,[.] new_dict_with_shared_keys.lto_priv.0
 0.19%  ,python3.10d         ,[.] object_dealloc.lto_priv.0
 0.19%  ,python3.10d         ,[.] slot_nb_subtract
 0.19%  ,python3.10d         ,[.] vectorcall_maybe.lto_priv.0
 0.09%  ,ld-linux-x86-64.so.2,[.] _dl_relocate_object
 0.09%  ,libcrypto.so.3      ,[.] 0x00000000001b59b2
 0.09%  ,python3.10d         ,[.] PyBool_FromLong
 0.09%  ,python3.10d         ,[.] PyFloat_AsDouble
 0.09%  ,python3.10d         ,[.] PyFunction_NewWithQualName
 0.09%  ,python3.10d         ,[.] PyList_Append
 0.09%  ,python3.10d         ,[.] PyLong_FromLongLong
 0.09%  ,python3.10d         ,[.] PyLong_FromVoidPtr
 0.09%  ,python3.10d         ,[.] PyObject_Call
 0.09%  ,python3.10d         ,[.] PyObject_Free
 0.09%  ,python3.10d         ,[.] PyObject_GetAttr
 0.09%  ,python3.10d         ,[.] PyObject_GetItem
 0.09%  ,python3.10d         ,[.] PyObject_IS_GC
 0.09%  ,python3.10d         ,[.] PyObject_RichCompare
 0.09%  ,python3.10d         ,[.] PyObject_SetItem
 0.09%  ,python3.10d         ,[.] PyThreadState_Get
 0.09%  ,python3.10d         ,[.] PyThread_tss_is_created
 0.09%  ,python3.10d         ,[.] PyType_GenericAlloc
 0.09%  ,python3.10d         ,[.] Py_GetBuildInfo
 0.09%  ,python3.10d         ,[.] _PyDict_GetItem_KnownHash
 0.09%  ,python3.10d         ,[.] _PyMem_DebugFree
 0.09%  ,python3.10d         ,[.] _PyMem_DebugRawCalloc
 0.09%  ,python3.10d         ,[.] _PyObject_Calloc
 0.09%  ,python3.10d         ,[.] _PyObject_GC_Alloc
 0.09%  ,python3.10d         ,[.] _PyObject_IsFreed
 0.09%  ,python3.10d         ,[.] _PyObject_MakeTpCall
 0.09%  ,python3.10d         ,[.] _PyObject_VectorcallTstate.lto_priv.23
 0.09%  ,python3.10d         ,[.] _PyPegen_lookahead
 0.09%  ,python3.10d         ,[.] _PyTrash_begin
 0.09%  ,python3.10d         ,[.] _PyType_GetModuleByDef
 0.09%  ,python3.10d         ,[.] _PyUnicode_EqualToASCIIString
 0.09%  ,python3.10d         ,[.] arguments_rule.lto_priv.0
 0.09%  ,python3.10d         ,[.] cell_dealloc.lto_priv.0
 0.09%  ,python3.10d         ,[.] compiler_visit_expr1
 0.09%  ,python3.10d         ,[.] convert_to_double
 0.09%  ,python3.10d         ,[.] convertsimple
 0.09%  ,python3.10d         ,[.] do_richcompare
 0.09%  ,python3.10d         ,[.] find_name_in_mro.lto_priv.0
 0.09%  ,python3.10d         ,[.] float_add.lto_priv.0
 0.09%  ,python3.10d         ,[.] get_type_cache.lto_priv.0
 0.09%  ,python3.10d         ,[.] import_stmt_rule
 0.09%  ,python3.10d         ,[.] list_extend.lto_priv.0
 0.09%  ,python3.10d         ,[.] long_mul.lto_priv.0
 0.09%  ,python3.10d         ,[.] long_new_impl.lto_priv.0
 0.09%  ,python3.10d         ,[.] math_1_to_whatever
 0.09%  ,python3.10d         ,[.] module_getattro.lto_priv.0
 0.09%  ,python3.10d         ,[.] pymalloc_pool_extend
 0.09%  ,python3.10d         ,[.] r_object
 0.09%  ,python3.10d         ,[.] r_string
 0.09%  ,python3.10d         ,[.] siphash24
 0.09%  ,python3.10d         ,[.] tuple_get_empty
 0.09%  ,python3.10d         ,[.] tupleitem.lto_priv.0
 0.09%  ,python3.10d         ,[.] tuplesubscript.lto_priv.0
 0.09%  ,python3.10d         ,[.] type_getattro.lto_priv.0
 0.09%  ,python3.10d         ,[.] untrack_dicts
 0.09%  ,python3.10d         ,[.] untrack_tuples
 0.09%  ,python3.10d         ,[.] visit_reachable
 0.09%  ,python3.10d         ,[.] 0x0000000000021100
 0.09%  ,[unknown]           ,[k] 0xffffffff941af9e5
 0.09%  ,[unknown]           ,[k] 0xffffffff94752b06
 0.09%  ,[unknown]           ,[k] 0xffffffff94800fb2
